"id","parent_id","level","name","merger_name"
"016","01","2","教育音像","图书、音像、电子书刊,音像,教育音像"
"0739","07","2","旅游","图书、音像、电子书刊,生活,旅游"
"01158","011","2","杂志/期刊","图书、音像、电子书刊,其他,杂志/期刊"
"11477","114","2","创意配件","手机,手机配件,创意配件"
"218113","218","2","嵌入式微蒸烤","家用电器,厨卫大电,嵌入式微蒸烤"
"219130","219","2","其它厨房电器","家用电器,厨房小电,其它厨房电器"
"219131","219","2","养生壶/煎药壶","家用电器,厨房小电,养生壶/煎药壶"
"222183","222","2","商用压面机","家用电器,商用电器,商用压面机"
"222189","222","2","商用开水器","家用电器,商用电器,商用开水器"
"223221","223","2","家电清洗","家用电器,家电服务,家电清洗"
"225237","225","2","KTV音响","家用电器,视听影音,KTV音响"
"327252","327","2","滤镜","数码,数码配件,滤镜"
"330284","330","2","电子词典","数码,电子教育,电子词典"
"436318","436","2","医疗保健","家居家装,宠物生活,医疗保健"
"539347","539","2","移动硬盘","电脑办公,外设产品,移动硬盘"
"541372","541","2","网络盒子","电脑办公,网络产品,网络盒子"
"547408","547","2","纸类","电脑办公,办公耗材,纸类"
"547409","547","2","硒鼓","电脑办公,办公耗材,硒鼓"
"648421","648","2","火锅","厨具,烹饪锅具,火锅"
"650428","650","2","保鲜盒","厨具,厨房配件,保鲜盒"
"652452","652","2","刀/叉/勺","厨具,餐具,刀/叉/勺"
"759520","759","2","气垫CC/CC霜","个护化妆,香水彩妆,气垫CC/CC霜"
"759528","759","2","眉笔/眉粉","个护化妆,香水彩妆,眉笔/眉粉"
"8",,"0","服饰内衣",
"860552","860","2","打底衫","服饰内衣,女装,打底衫"
"861588","861","2","卫裤/运动裤","服饰内衣,男装,卫裤/运动裤"
"862610","862","2","内衣配件","服饰内衣,内衣,内衣配件"
"864628","864","2","鸭舌帽","服饰内衣,服饰配件,鸭舌帽"
"864639","864","2","假领","服饰内衣,服饰配件,假领"
"864640","864","2","毛线/布面料","服饰内衣,服饰配件,毛线/布面料"
"1069665","1069","2","工装鞋","鞋靴,流行男鞋,工装鞋"
"1175724","1175","2","婴儿礼盒","母婴,童装,婴儿礼盒"
"1279758","1279","2","创意礼品","礼品箱包,礼品,创意礼品"
"1384800","1384","2","米面调味","食品饮料、保健食品,进口食品,米面调味"
"1493872","1493","2","黄金项链","珠宝,黄金,黄金项链"
"1496","14","1","银饰","珠宝,银饰"
"14103931","14103","2","更多玉石","珠宝,其它玉石,更多玉石"
"14104939","14104","2","檀香","珠宝,木手串/把件,檀香"
"14105942","14105","2","珍珠耳饰","珠宝,珍珠,珍珠耳饰"
"151091041","15109","2","洗车水桶","汽车用品,美容清洗,洗车水桶"
"151101071","15110","2","汽车钥匙扣/包","汽车用品,汽车装饰,汽车钥匙扣/包"
"151121148","15112","2","车辆改装","汽车用品,汽车服务,车辆改装"
"151121152","15112","2","车务","汽车用品,汽车服务,车务"
"161161195","16116","2","摇号机","运动健康,棋牌麻将,摇号机"
"161181208","16118","2","电动滑板车","运动健康,骑行运动,电动滑板车"
"161181212","16118","2","城市自行车","运动健康,骑行运动,城市自行车"
"161191226","16119","2","钓箱钓椅","运动健康,垂钓用品,钓箱钓椅"
"161241299","16124","2","瑜伽砖","运动健康,瑜伽舞蹈,瑜伽砖"
"161251309","16125","2","马术服装","运动健康,马术/民俗运动,马术服装"
"161251313","16125","2","马匹装备","运动健康,马术/民俗运动,马匹装备"
"161281364","16128","2","功能内衣","运动健康,户外鞋服,功能内衣"
"161291391","16129","2","救援装备","运动健康,户外装备,救援装备"
"161301410","16130","2","壶铃","运动健康,健身训练,壶铃"
"161311445","16131","2","高尔夫手套","运动健康,体育用品,高尔夫手套"
"161311471","16131","2","跳高杆","运动健康,体育用品,跳高杆"
"161311533","16131","2","篮球架","运动健康,体育用品,篮球架"
"171361571","17136","2","跳舞毯/游戏毯","玩具乐器,跳舞毯/游戏毯,跳舞毯/游戏毯"
"17137","17","1","潮玩/动漫","玩具乐器,潮玩/动漫"
"171391590","17139","2","拼图","玩具乐器,积木拼插,拼图"
"171391591","17139","2","磁力片/棒","玩具乐器,积木拼插,磁力片/棒"
"171411600","17141","2","减压玩具","玩具乐器,创意减压,减压玩具"
"171421602","17142","2","电脑音乐","玩具乐器,其它乐器,电脑音乐"
"171511677","17151","2","手风琴","玩具乐器,键盘乐器,手风琴"
"171601712","17160","2","船模","玩具乐器,油动/电动模型,船模"
"171641733","17164","2","婴儿健身架","玩具乐器,健身架/爬行学步玩具,婴儿健身架"
"191771814","19177","2","海产干货","生鲜,海鲜水产,海产干货"
"191791829","19179","2","新鲜蛋糕","生鲜,面点烘焙,新鲜蛋糕"
"191821843","19182","2","鲜菌菇","生鲜,蔬菜,鲜菌菇"
"201841857","20184","2","紧凑型轿车（二手）","整车,二手车,紧凑型轿车（二手）"
"0210","02","2","文学","图书、音像、电子书刊,英文原版,文学"
"0525","05","2","国学","图书、音像、电子书刊,人文社科,国学"
"0736","07","2","生活","图书、音像、电子书刊,生活,生活"
"01054","010","2","经济管理","图书、音像、电子书刊,港台图书,经济管理"
"1",,"0","手机",
"112","1","1","手机","手机,手机"
"217","2","1","大 家 电","家用电器,大 家 电"
"217101","217","2","洗烘套装","家用电器,大 家 电,洗烘套装"
"219124","219","2","煮蛋器","家用电器,厨房小电,煮蛋器"
"219125","219","2","酸奶机","家用电器,厨房小电,酸奶机"
"221161","221","2","剃须刀","家用电器,个护健康,剃须刀"
"221164","221","2","电吹风","家用电器,个护健康,电吹风"
"222200","222","2","商用和面机/打蛋机","家用电器,商用电器,商用和面机/打蛋机"
"222203","222","2","关东煮机","家用电器,商用电器,关东煮机"
"222207","222","2","爆米花机","家用电器,商用电器,爆米花机"
"222215","222","2","油烟净化器","家用电器,商用电器,油烟净化器"
"223222","223","2","家电维修","家用电器,家电服务,家电维修"
"326241","326","2","单反相机","数码,摄影摄像,单反相机"
"327259","327","2","电池/充电器","数码,数码配件,电池/充电器"
"434298","434","2","保暖防护","家居家装,生活日用,保暖防护"
"436","4","1","宠物生活","家居家装,宠物生活"
"436321","436","2","出行装备","家居家装,宠物生活,出行装备"
"539351","539","2","鼠标垫","电脑办公,外设产品,鼠标垫"
"540363","540","2","游戏耳机","电脑办公,游戏设备,游戏耳机"
"542383","542","2","收银机","电脑办公,办公设备,收银机"
"543395","543","2","计算器","电脑办公,文具,计算器"
"544400","544","2","电脑办公设备保养","电脑办公,服务产品,电脑办公设备保养"
"649425","649","2","砧板","厨具,刀剪菜板,砧板"
"654460","654","2","茶叶罐","厨具,茶具,茶叶罐"
"756476","756","2","男士眼霜/眼部精华","个护化妆,男士面部护肤,男士眼霜/眼部精华"
"758508","758","2","其它面部护肤","个护化妆,面部护肤,其它面部护肤"
"759518","759","2","隔离霜/妆前乳","个护化妆,香水彩妆,隔离霜/妆前乳"
"861567","861","2","针织衫","服饰内衣,男装,针织衫"
"862595","862","2","男式内裤","服饰内衣,内衣,男式内裤"
"862602","862","2","美腿袜","服饰内衣,内衣,美腿袜"
"862608","862","2","休闲棉袜","服饰内衣,内衣,休闲棉袜"
"862613","862","2","秋衣秋裤","服饰内衣,内衣,秋衣秋裤"
"864629","864","2","贝雷帽","服饰内衣,服饰配件,贝雷帽"
"864631","864","2","真皮手套","服饰内衣,服饰配件,真皮手套"
"864636","864","2","遮阳伞/雨伞","服饰内衣,服饰配件,遮阳伞/雨伞"
"966","9","1","时钟","钟表,时钟"
"1279760","1279","2","婚庆节庆","礼品箱包,礼品,婚庆节庆"
"1279761","1279","2","电子礼品","礼品箱包,礼品,电子礼品"
"1281782","1281","2","烟嘴","礼品箱包,火机烟具,烟嘴"
"1384797","1384","2","糖果/巧克力","食品饮料、保健食品,进口食品,糖果/巧克力"
"1389841","1389","2","粽子","食品饮料、保健食品,食品礼券,粽子"
"1493","14","1","黄金","珠宝,黄金"
"1497892","1497","2","裸钻","珠宝,钻石,裸钻"
"14100911","14100","2","坦桑石","珠宝,彩宝,坦桑石"
"14100915","14100","2","其他天然宝石","珠宝,彩宝,其他天然宝石"
"14101919","14101","2","和田玉手链","珠宝,和田玉,和田玉手链"
"14102","14","1","铂金","珠宝,铂金"
"14103927","14103","2","青金石","珠宝,其它玉石,青金石"
"14106946","14106","2","合成钻石","珠宝,合成/人造宝石,合成钻石"
"15107967","15107","2","大灯总成","汽车用品,维修保养,大灯总成"
"15107978","15107","2","刹车片","汽车用品,维修保养,刹车片"
"15107993","15107","2","工具箱/工具车","汽车用品,维修保养,工具箱/工具车"
"151101051","15110","2","汽车窗帘","汽车用品,汽车装饰,汽车窗帘"
"151101053","15110","2","车载支架","汽车用品,汽车装饰,车载支架"
"151101079","15110","2","其它功能小件","汽车用品,汽车装饰,其它功能小件"
"151101081","15110","2","车衣","汽车用品,汽车装饰,车衣"
"151111106","15111","2","搭火线","汽车用品,安全自驾,搭火线"
"151111125","15111","2","摩托车手套","汽车用品,安全自驾,摩托车手套"
"151121138","15112","2","钣金喷漆","汽车用品,汽车服务,钣金喷漆"
"161141165","16114","2","拖鞋","运动健康,运动鞋包,拖鞋"
"161151169","16115","2","运动裤","运动健康,运动服饰,运动裤"
"161171197","16117","2","单排轮滑鞋","运动健康,轮滑滑板,单排轮滑鞋"
"161241275","16124","2","瑜伽短裤","运动健康,瑜伽舞蹈,瑜伽短裤"
"161241277","16124","2","瑜伽发带","运动健康,瑜伽舞蹈,瑜伽发带"
"161241287","16124","2","健美操鞋","运动健康,瑜伽舞蹈,健美操鞋"
"161251314","16125","2","马房装备","运动健康,马术/民俗运动,马房装备"
"161311435","16131","2","高尔夫棉服","运动健康,体育用品,高尔夫棉服"
"161311516","16131","2","羽毛球服","运动健康,体育用品,羽毛球服"
"161311520","16131","2","羽毛球蒸球机","运动健康,体育用品,羽毛球蒸球机"
"161311527","16131","2","网球服","运动健康,体育用品,网球服"
"171321548","17132","2","遥控车","玩具乐器,遥控/电动玩具,遥控车"
"17133","17","1","毛绒布艺","玩具乐器,毛绒布艺"
"171351568","17135","2","坦克/军事战车","玩具乐器,静态模型,坦克/军事战车"
"171371575","17137","2","潮流盲盒","玩具乐器,潮玩/动漫,潮流盲盒"
"171401598","17140","2","DIY玉米粒","玩具乐器,绘画/DIY,DIY玉米粒"
"171411601","17141","2","创意玩具","玩具乐器,创意减压,创意玩具"
"171431609","17143","2","变调夹","玩具乐器,乐器配件,变调夹"
"171461631","17146","2","秦琴","玩具乐器,民族弹拨乐器,秦琴"
"171481645","17148","2","架子鼓/爵士鼓","玩具乐器,西洋打击乐器,架子鼓/爵士鼓"
"171511674","17151","2","手卷钢琴","玩具乐器,键盘乐器,手卷钢琴"
"171531687","17153","2","科学盒子/实验套装","玩具乐器,STEAM教玩具,科学盒子/实验套装"
"17157","17","1","发光/充气玩具","玩具乐器,发光/充气玩具"
"17158","17","1","惯性/发条玩具","玩具乐器,惯性/发条玩具"
"17161","17","1","儿童变形玩具","玩具乐器,儿童变形玩具"
"181741773","18174","2","舞蹈芭蕾","彩票、旅行、充值、票务,票务,舞蹈芭蕾"
"191751781","19175","2","火龙果","生鲜,水果,火龙果"
"191751784","19175","2","香蕉","生鲜,水果,香蕉"
"191751786","19175","2","梨","生鲜,水果,梨"
"191751791","19175","2","桃/李/杏","生鲜,水果,桃/李/杏"
"191761806","19176","2","猪肉","生鲜,猪牛羊肉,猪肉"
"191771816","19177","2","海产礼盒","生鲜,海鲜水产,海产礼盒"
"201831850","20183","2","中大型轿车","整车,传统乘用车,中大型轿车"
"201841856","20184","2","小型轿车（二手）","整车,二手车,小型轿车（二手）"
"027","02","2","少儿","图书、音像、电子书刊,英文原版,少儿"
"0740","07","2","烹饪美食","图书、音像、电子书刊,生活,烹饪美食"
"08","0","1","科技","图书、音像、电子书刊,科技"
"01053","010","2","艺术/设计/收藏","图书、音像、电子书刊,港台图书,艺术/设计/收藏"
"11587","115","2","对讲机配件","手机,对讲机,对讲机配件"
"116","1","1","手机服务","手机,手机服务"
"218111","218","2","空气能热水器","家用电器,厨卫大电,空气能热水器"
"219121","219","2","电烤箱","家用电器,厨房小电,电烤箱"
"220148","220","2","电话机","家用电器,生活电器,电话机"
"220158","220","2","除螨仪","家用电器,生活电器,除螨仪"
"225234","225","2","迷你音响","家用电器,视听影音,迷你音响"
"326243","326","2","拍立得","数码,摄影摄像,拍立得"
"329277","329","2","专业音频","数码,影音娱乐,专业音频"
"537329","537","2","笔记本配件","电脑办公,电脑整机,笔记本配件"
"538340","538","2","刻录机/光驱","电脑办公,电脑组件,刻录机/光驱"
"540365","540","2","游戏软件","电脑办公,游戏设备,游戏软件"
"540366","540","2","游戏周边","电脑办公,游戏设备,游戏周边"
"649422","649","2","菜刀","厨具,刀剪菜板,菜刀"
"652","6","1","餐具","厨具,餐具"
"655468","655","2","咖啡具套装","厨具,咖啡具,咖啡具套装"
"7",,"0","个护化妆",
"756480","756","2","男士防晒","个护化妆,男士面部护肤,男士防晒"
"757495","757","2","其他美妆工具","个护化妆,美妆工具,其他美妆工具"
"759524","759","2","唇彩唇蜜/唇釉","个护化妆,香水彩妆,唇彩唇蜜/唇釉"
"861566","861","2","POLO衫","服饰内衣,男装,POLO衫"
"862599","862","2","吊带/背心","服饰内衣,内衣,吊带/背心"
"862604","862","2","保暖内衣","服饰内衣,内衣,保暖内衣"
"864618","864","2","袖扣","服饰内衣,服饰配件,袖扣"
"864623","864","2","装饰眼镜","服饰内衣,服饰配件,装饰眼镜"
"864632","864","2","毛线手套","服饰内衣,服饰配件,毛线手套"
"965642","965","2","瑞表","钟表,腕表,瑞表"
"966650","966","2","闹钟","钟表,时钟,闹钟"
"1069664","1069","2","增高鞋","鞋靴,流行男鞋,增高鞋"
"1070677","1070","2","妈妈鞋","鞋靴,时尚女鞋,妈妈鞋"
"1172689","1172","2","婴儿尿裤","母婴,尿裤湿巾,婴儿尿裤"
"1174709","1174","2","防辐射服","母婴,妈妈专区,防辐射服"
"1175735","1175","2","户外/运动服","母婴,童装,户外/运动服"
"1175738","1175","2","裙子","母婴,童装,裙子"
"1281780","1281","2","烟油","礼品箱包,火机烟具,烟油"
"1387825","1387","2","杂粮","食品饮料、保健食品,粮油调味,杂粮"
"1387829","1387","2","调味品","食品饮料、保健食品,粮油调味,调味品"
"1389","13","1","食品礼券","食品饮料、保健食品,食品礼券"
"1492866","1492","2","发圈/发绳","珠宝,发饰,发圈/发绳"
"1493871","1493","2","黄金吊坠","珠宝,黄金,黄金吊坠"
"1494882","1494","2","K金耳饰","珠宝,K金饰品,K金耳饰"
"14100912","14100","2","珊瑚","珠宝,彩宝,珊瑚"
"14103930","14103","2","蓝田玉","珠宝,其它玉石,蓝田玉"
"151091026","15109","2","镀膜","汽车用品,美容清洗,镀膜"
"151091045","15109","2","汽车改色膜","汽车用品,美容清洗,汽车改色膜"
"151101060","15110","2","车贴","汽车用品,汽车装饰,车贴"
"151111104","15111","2","摩托车头盔","汽车用品,安全自驾,摩托车头盔"
"151111116","15111","2","保温箱","汽车用品,安全自驾,保温箱"
"151111136","15111","2","摩托车尾箱","汽车用品,安全自驾,摩托车尾箱"
"151131155","15113","2","电子改装","汽车用品,赛事改装,电子改装"
"16118","16","1","骑行运动","运动健康,骑行运动"
"161201234","16120","2","游泳包防水包","运动健康,游泳用品,游泳包防水包"
"161231253","16123","2","运动护肘","运动健康,运动护具,运动护肘"
"161241284","16124","2","广场舞鞋","运动健康,瑜伽舞蹈,广场舞鞋"
"161251318","16125","2","空竹","运动健康,马术/民俗运动,空竹"
"161261341","16126","2","冰球手套","运动健康,冰上运动,冰球手套"
"161261342","16126","2","冰刀套","运动健康,冰上运动,冰刀套"
"161261343","16126","2","其它冰上运动","运动健康,冰上运动,其它冰上运动"
"161271347","16127","2","单板滑雪板","运动健康,滑雪运动,单板滑雪板"
"161281374","16128","2","户外袜","运动健康,户外鞋服,户外袜"
"161301413","16130","2","握力器","运动健康,健身训练,握力器"
"161311472","16131","2","铁饼/标枪","运动健康,体育用品,铁饼/标枪"
"161311484","16131","2","橄榄球鞋服","运动健康,体育用品,橄榄球鞋服"
"161311507","16131","2","足球训练背心","运动健康,体育用品,足球训练背心"
"161311514","16131","2","其他羽球装备","运动健康,体育用品,其他羽球装备"
"171381585","17138","2","多功能玩具台/游戏桌","玩具乐器,早教/智能玩具,多功能玩具台/游戏桌"
"171391592","17139","2","立体拼插","玩具乐器,积木拼插,立体拼插"
"171401594","17140","2","手工彩泥","玩具乐器,绘画/DIY,手工彩泥"
"171431606","17143","2","拾音器","玩具乐器,乐器配件,拾音器"
"171471639","17147","2","高胡","玩具乐器,民族拉弦乐器,高胡"
"171491652","17149","2","巴松/大管","玩具乐器,西洋管乐器,巴松/大管"
"171591707","17159","2","儿童仿真动物玩具","玩具乐器,仿真/过家家玩具,儿童仿真动物玩具"
"17160","17","1","油动/电动模型","玩具乐器,油动/电动模型"
"171631722","17163","2","摇马","玩具乐器,户外玩具/游乐设施,摇马"
"171631731","17163","2","飞盘/竹蜻蜓玩具","玩具乐器,户外玩具/游乐设施,飞盘/竹蜻蜓玩具"
"171651738","17165","2","水枪","玩具乐器,戏水玩沙玩具,水枪"
"17167","17","1","音乐玩具","玩具乐器,音乐玩具"
"18",,"0","彩票、旅行、充值、票务",
"181741771","18174","2","音乐会","彩票、旅行、充值、票务,票务,音乐会"
"191751794","19175","2","榴莲","生鲜,水果,榴莲"
"191771812","19177","2","贝类","生鲜,海鲜水产,贝类"
"191781822","19178","2","鸭肉","生鲜,禽肉蛋品,鸭肉"
"191811839","19181","2","肉制品","生鲜,速食熟食,肉制品"
"01056","010","2","少儿","图书、音像、电子书刊,港台图书,少儿"
"11471","114","2","手机贴膜","手机,手机配件,手机贴膜"
"11478","114","2","便携/无线音响","手机,手机配件,便携/无线音响"
"21793","217","2","平板电视","家用电器,大 家 电,平板电视"
"21798","217","2","冷柜/冰吧","家用电器,大 家 电,冷柜/冰吧"
"218107","218","2","蒸箱","家用电器,厨卫大电,蒸箱"
"221175","221","2","眼部按摩仪","家用电器,个护健康,眼部按摩仪"
"222190","222","2","果糖机","家用电器,商用电器,果糖机"
"222211","222","2","自动售货机","家用电器,商用电器,自动售货机"
"224224","224","2","洗衣机配件","家用电器,家电配件,洗衣机配件"
"224230","224","2","烟机灶具配件","家用电器,家电配件,烟机灶具配件"
"328262","328","2","智能手表","数码,智能设备,智能手表"
"328268","328","2","体感车","数码,智能设备,体感车"
"329273","329","2","耳机/耳麦","数码,影音娱乐,耳机/耳麦"
"434299","434","2","雨伞雨具","家居家装,生活日用,雨伞雨具"
"434302","434","2","洗晒/熨烫","家居家装,生活日用,洗晒/熨烫"
"435306","435","2","节庆饰品","家居家装,家装软饰,节庆饰品"
"542375","542","2","投影配件","电脑办公,办公设备,投影配件"
"542382","542","2","考勤机","电脑办公,办公设备,考勤机"
"543392","543","2","财会用品","电脑办公,文具,财会用品"
"545403","545","2","电脑安装","电脑办公,电脑办公安装,电脑安装"
"547410","547","2","墨盒","电脑办公,办公耗材,墨盒"
"6",,"0","厨具",
"648418","648","2","锅具套装","厨具,烹饪锅具,锅具套装"
"651438","651","2","玻璃杯","厨具,水具酒具,玻璃杯"
"651441","651","2","保温壶","厨具,水具酒具,保温壶"
"652448","652","2","筷子","厨具,餐具,筷子"
"757","7","1","美妆工具","个护化妆,美妆工具"
"758504","758","2","眼膜","个护化妆,面部护肤,眼膜"
"860537","860","2","半身裙","服饰内衣,女装,半身裙"
"860539","860","2","休闲裤","服饰内衣,女装,休闲裤"
"860543","860","2","短外套","服饰内衣,女装,短外套"
"860553","860","2","旗袍/汉服","服饰内衣,女装,旗袍/汉服"
"861585","861","2","工装","服饰内衣,男装,工装"
"861590","861","2","设计师/潮牌","服饰内衣,男装,设计师/潮牌"
"862603","862","2","商务男袜","服饰内衣,内衣,商务男袜"
"864641","864","2","领带/领结/领带夹","服饰内衣,服饰配件,领带/领结/领带夹"
"9",,"0","钟表",
"965","9","1","腕表","钟表,腕表"
"1175736","1175","2","裤子","母婴,童装,裤子"
"1177751","1177","2","靴子","母婴,童鞋,靴子"
"1281781","1281","2","打火机","礼品箱包,火机烟具,打火机"
"1385809","1385","2","北京","食品饮料、保健食品,地方特产,北京"
"1494878","1494","2","K金吊坠","珠宝,K金饰品,K金吊坠"
"1496886","1496","2","银吊坠/项链","珠宝,银饰,银吊坠/项链"
"14104938","14104","2","橄榄核/核桃","珠宝,木手串/把件,橄榄核/核桃"
"15107981","15107","2","底盘装甲/护板","汽车用品,维修保养,底盘装甲/护板"
"15108997","15108","2","导航仪","汽车用品,车载电器,导航仪"
"151081005","15108","2","车载影音","汽车用品,车载电器,车载影音"
"151081011","15108","2","车载吸尘器","汽车用品,车载电器,车载吸尘器"
"151081021","15108","2","360全景影像","汽车用品,车载电器,360全景影像"
"151091044","15109","2","洗车手套","汽车用品,美容清洗,洗车手套"
"151101070","15110","2","座垫","汽车用品,汽车装饰,座垫"
"151101088","15110","2","防滑贴","汽车用品,汽车装饰,防滑贴"
"151101095","15110","2","车载桌板","汽车用品,汽车装饰,车载桌板"
"151111118","15111","2","摩托车","汽车用品,安全自驾,摩托车"
"151121143","15112","2","功能升级","汽车用品,汽车服务,功能升级"
"151121151","15112","2","驾驶培训","汽车用品,汽车服务,驾驶培训"
"161191220","16119","2","钓鱼服饰","运动健康,垂钓用品,钓鱼服饰"
"161201231","16120","2","泳镜","运动健康,游泳用品,泳镜"
"161201233","16120","2","泳帽","运动健康,游泳用品,泳帽"
"16121","16","1","体育服务","运动健康,体育服务"
"161231256","16123","2","运动护臀","运动健康,运动护具,运动护臀"
"161231259","16123","2","护齿","运动健康,运动护具,护齿"
"161231263","16123","2","助力带","运动健康,运动护具,助力带"
"161231264","16123","2","紧身服/压缩衣","运动健康,运动护具,紧身服/压缩衣"
"161271354","16127","2","滑雪车","运动健康,滑雪运动,滑雪车"
"161281368","16128","2","徒步鞋","运动健康,户外鞋服,徒步鞋"
"161291376","16129","2","帐篷/垫子","运动健康,户外装备,帐篷/垫子"
"16130","16","1","健身训练","运动健康,健身训练"
"161311430","16131","2","高尔夫一号木","运动健康,体育用品,高尔夫一号木"
"161311433","16131","2","高尔夫球","运动健康,体育用品,高尔夫球"
"161311523","16131","2","网球线","运动健康,体育用品,网球线"
"17135","17","1","静态模型","玩具乐器,静态模型"
"171371572","17137","2","电影周边","玩具乐器,潮玩/动漫,电影周边"
"171381583","17138","2","早教磁性贴","玩具乐器,早教/智能玩具,早教磁性贴"
"17140","17","1","绘画/DIY","玩具乐器,绘画/DIY"
"171461632","17146","2","阮","玩具乐器,民族弹拨乐器,阮"
"171471641","17147","2","马头琴","玩具乐器,民族拉弦乐器,马头琴"
"171481650","17148","2","其它西洋打击乐器","玩具乐器,西洋打击乐器,其它西洋打击乐器"
"171541688","17154","2","手偶/安抚玩偶","玩具乐器,响铃/安抚玩具,手偶/安抚玩偶"
"171541693","17154","2","床铃/床挂","玩具乐器,响铃/安抚玩具,床铃/床挂"
"171601711","17160","2","车模","玩具乐器,油动/电动模型,车模"
"171631726","17163","2","大型组合游乐设备","玩具乐器,户外玩具/游乐设施,大型组合游乐设备"
"17164","17","1","健身架/爬行学步玩具","玩具乐器,健身架/爬行学步玩具"
"171641735","17164","2","幼儿学爬玩具","玩具乐器,健身架/爬行学步玩具,幼儿学爬玩具"
"18173","18","1","游戏","彩票、旅行、充值、票务,游戏"
"191751778","19175","2","车厘子/樱桃","生鲜,水果,车厘子/樱桃"
"191791832","19179","2","披萨","生鲜,面点烘焙,披萨"
"191821842","19182","2","根茎类","生鲜,蔬菜,根茎类"
"028","02","2","商务投资","图书、音像、电子书刊,英文原版,商务投资"
"0633","06","2","金融与投资","图书、音像、电子书刊,经管励志,金融与投资"
"0843","08","2","建筑","图书、音像、电子书刊,科技,建筑"
"09","0","1","教育","图书、音像、电子书刊,教育"
"0948","09","2","中小学教辅","图书、音像、电子书刊,教育,中小学教辅"
"01055","010","2","文化/学术","图书、音像、电子书刊,港台图书,文化/学术"
"11472","114","2","手机存储卡","手机,手机配件,手机存储卡"
"21797","217","2","洗衣机","家用电器,大 家 电,洗衣机"
"217100","217","2","移动空调","家用电器,大 家 电,移动空调"
"218104","218","2","油烟机","家用电器,厨卫大电,油烟机"
"218110","218","2","燃气热水器","家用电器,厨卫大电,燃气热水器"
"219141","219","2","厨师机/和面机","家用电器,厨房小电,厨师机/和面机"
"220145","220","2","扫地机器人","家用电器,生活电器,扫地机器人"
"222217","222","2","煮面桶","家用电器,商用电器,煮面桶"
"326240","326","2","微单相机","数码,摄影摄像,微单相机"
"326249","326","2","数码相框","数码,摄影摄像,数码相框"
"327256","327","2","相机清洁/贴膜","数码,数码配件,相机清洁/贴膜"
"433295","433","2","收纳盒","家居家装,收纳用品,收纳盒"
"435","4","1","家装软饰","家居家装,家装软饰"
"436317","436","2","宠物零食","家居家装,宠物生活,宠物零食"
"537326","537","2","平板电脑配件","电脑办公,电脑整机,平板电脑配件"
"543391","543","2","学生文具","电脑办公,文具,学生文具"
"648416","648","2","汤锅","厨具,烹饪锅具,汤锅"
"651439","651","2","陶瓷/马克杯","厨具,水具酒具,陶瓷/马克杯"
"654457","654","2","茶杯","厨具,茶具,茶杯"
"654463","654","2","其他","厨具,茶具,其他"
"759510","759","2","香水","个护化妆,香水彩妆,香水"
"860534","860","2","卫衣","服饰内衣,女装,卫衣"
"860550","860","2","中老年女装","服饰内衣,女装,中老年女装"
"860557","860","2","短裤","服饰内衣,女装,短裤"
"861580","861","2","西裤","服饰内衣,男装,西裤"
"863614","863","2","服装洗护","服饰内衣,洗衣服务,服装洗护"
"864625","864","2","游泳镜","服饰内衣,服饰配件,游泳镜"
"1070683","1070","2","坡跟鞋","鞋靴,时尚女鞋,坡跟鞋"
"1174712","1174","2","孕产妇洗护","母婴,妈妈专区,孕产妇洗护"
"1175725","1175","2","外套/大衣","母婴,童装,外套/大衣"
"1176741","1176","2","安全座椅","母婴,安全座椅,安全座椅"
"1177747","1177","2","皮鞋","母婴,童鞋,皮鞋"
"1280776","1280","2","饰品","礼品箱包,奢侈品,饰品"
"1491857","1491","2","手链/脚链","珠宝,时尚饰品,手链/脚链"
"1495","14","1","金银投资","珠宝,金银投资"
"1495883","1495","2","投资金","珠宝,金银投资,投资金"
"1496890","1496","2","银手镯","珠宝,银饰,银手镯"
"1497","14","1","钻石","珠宝,钻石"
"14100914","14100","2","葡萄石","珠宝,彩宝,葡萄石"
"14101916","14101","2","和田玉项链","珠宝,和田玉,和田玉项链"
"14102926","14102","2","铂金耳饰","珠宝,铂金,铂金耳饰"
"15107963","15107","2","氙气灯","汽车用品,维修保养,氙气灯"
"15107965","15107","2","燃油滤清器","汽车用品,维修保养,燃油滤清器"
"15107968","15107","2","LED车灯","汽车用品,维修保养,LED车灯"
"15108","15","1","车载电器","汽车用品,车载电器"
"151091043","15109","2","洗车刷","汽车用品,美容清洗,洗车刷"
"151101072","15110","2","座套","汽车用品,汽车装饰,座套"
"151101076","15110","2","香水","汽车用品,汽车装饰,香水"
"151111105","15111","2","其它摩托车配件","汽车用品,安全自驾,其它摩托车配件"
"16",,"0","运动健康",
"161141158","16114","2","休闲鞋","运动健康,运动鞋包,休闲鞋"
"161141160","16114","2","板鞋","运动健康,运动鞋包,板鞋"
"161141162","16114","2","足球鞋","运动健康,运动鞋包,足球鞋"
"161151170","16115","2","夹克/风衣","运动健康,运动服饰,夹克/风衣"
"161181209","16118","2","公路车","运动健康,骑行运动,公路车"
"161231267","16123","2","护臂","运动健康,运动护具,护臂"
"161241300","16124","2","瑜伽绳","运动健康,瑜伽舞蹈,瑜伽绳"
"161261334","16126","2","冰球杆","运动健康,冰上运动,冰球杆"
"161261335","16126","2","冰球鞋","运动健康,冰上运动,冰球鞋"
"161271344","16127","2","滑雪服","运动健康,滑雪运动,滑雪服"
"161271346","16127","2","滑雪衣裤套装","运动健康,滑雪运动,滑雪衣裤套装"
"161271352","16127","2","滑雪杖","运动健康,滑雪运动,滑雪杖"
"16129","16","1","户外装备","运动健康,户外装备"
"161311454","16131","2","台球巧克粉","运动健康,体育用品,台球巧克粉"
"161311466","16131","2","铅球","运动健康,体育用品,铅球"
"161311508","16131","2","其他足球装备","运动健康,体育用品,其他足球装备"
"161311521","16131","2","网球包","运动健康,体育用品,网球包"
"171401595","17140","2","绘画工具","玩具乐器,绘画/DIY,绘画工具"
"171451623","17145","2","腰鼓/秧歌鼓","玩具乐器,民族打击乐器,腰鼓/秧歌鼓"
"171461630","17146","2","琵琶","玩具乐器,民族弹拨乐器,琵琶"
"171491659","17149","2","大号","玩具乐器,西洋管乐器,大号"
"171491660","17149","2","小号","玩具乐器,西洋管乐器,小号"
"171531682","17153","2","太阳能玩具","玩具乐器,STEAM教玩具,太阳能玩具"
"17162","17","1","儿童玩具枪","玩具乐器,儿童玩具枪"
"171641732","17164","2","拖拉学步玩具","玩具乐器,健身架/爬行学步玩具,拖拉学步玩具"
"181681749","18168","2","福彩3D","彩票、旅行、充值、票务,彩票,福彩3D"
"191781824","19178","2","其他禽类","生鲜,禽肉蛋品,其他禽类"
"20",,"0","整车",
"0526","05","2","政治/军事","图书、音像、电子书刊,人文社科,政治/军事"
"0527","05","2","法律","图书、音像、电子书刊,人文社科,法律"
"0949","09","2","教育与考试","图书、音像、电子书刊,教育,教育与考试"
"11366","113","2","上网卡","手机,运营商,上网卡"
"21799","217","2","酒柜","家用电器,大 家 电,酒柜"
"218103","218","2","燃气灶","家用电器,厨卫大电,燃气灶"
"219127","219","2","电水壶/热水瓶","家用电器,厨房小电,电水壶/热水瓶"
"219140","219","2","打蛋器","家用电器,厨房小电,打蛋器"
"220144","220","2","加湿器","家用电器,生活电器,加湿器"
"222201","222","2","商用电磁炉","家用电器,商用电器,商用电磁炉"
"222219","222","2","商用冰柜/冰箱","家用电器,商用电器,商用冰柜/冰箱"
"433289","433","2","收纳袋/包","家居家装,收纳用品,收纳袋/包"
"435310","435","2","墙贴/装饰贴","家居家装,家装软饰,墙贴/装饰贴"
"435315","435","2","壁饰","家居家装,家装软饰,壁饰"
"541369","541","2","交换机","电脑办公,网络产品,交换机"
"542379","542","2","扫描仪","电脑办公,办公设备,扫描仪"
"542389","542","2","条码扫描","电脑办公,办公设备,条码扫描"
"543390","543","2","办公文具","电脑办公,文具,办公文具"
"543396","543","2","笔类","电脑办公,文具,笔类"
"544","5","1","服务产品","电脑办公,服务产品"
"545","5","1","电脑办公安装","电脑办公,电脑办公安装"
"649423","649","2","剪刀","厨具,刀剪菜板,剪刀"
"652450","652","2","果盘/果篮","厨具,餐具,果盘/果篮"
"655","6","1","咖啡具","厨具,咖啡具"
"864637","864","2","口罩","服饰内衣,服饰配件,口罩"
"967","9","1","钟表配件","钟表,钟表配件"
"10",,"0","鞋靴",
"1069657","1069","2","男靴","鞋靴,流行男鞋,男靴"
"1176742","1176","2","增高垫","母婴,安全座椅,增高垫"
"1279759","1279","2","礼盒礼券","礼品箱包,礼品,礼盒礼券"
"1280772","1280","2","腰带","礼品箱包,奢侈品,腰带"
"1281783","1281","2","烟斗","礼品箱包,火机烟具,烟斗"
"1282787","1282","2","婚庆服务","礼品箱包,婚庆,婚庆服务"
"1283792","1283","2","香皂花","礼品箱包,鲜花速递,香皂花"
"1388835","1388","2","牛奶乳品","食品饮料、保健食品,饮料冲调,牛奶乳品"
"1491861","1491","2","胸针","珠宝,时尚饰品,胸针"
"1495884","1495","2","投资银","珠宝,金银投资,投资银"
"1496891","1496","2","宝宝银饰","珠宝,银饰,宝宝银饰"
"1499902","1499","2","项链/吊坠","珠宝,水晶玛瑙,项链/吊坠"
"1499903","1499","2","耳饰","珠宝,水晶玛瑙,耳饰"
"14103929","14103","2","石英岩","珠宝,其它玉石,石英岩"
"15107961","15107","2","空调滤清器","汽车用品,维修保养,空调滤清器"
"15107974","15107","2","卤素灯","汽车用品,维修保养,卤素灯"
"15107979","15107","2","维修配件","汽车用品,维修保养,维修配件"
"15107983","15107","2","改装配件","汽车用品,维修保养,改装配件"
"151081004","15108","2","车载蓝牙","汽车用品,车载电器,车载蓝牙"
"151091033","15109","2","其它洗车工具","汽车用品,美容清洗,其它洗车工具"
"151091035","15109","2","打蜡机","汽车用品,美容清洗,打蜡机"
"151101056","15110","2","行李架/箱","汽车用品,汽车装饰,行李架/箱"
"151101062","15110","2","扶手箱","汽车用品,汽车装饰,扶手箱"
"151101063","15110","2","车载纸巾盒","汽车用品,汽车装饰,车载纸巾盒"
"151111134","15111","2","摩托车后视镜","汽车用品,安全自驾,摩托车后视镜"
"161141159","16114","2","篮球鞋","运动健康,运动鞋包,篮球鞋"
"16115","16","1","运动服饰","运动健康,运动服饰"
"161151175","16115","2","运动背心","运动健康,运动服饰,运动背心"
"161171205","16117","2","小鱼板","运动健康,轮滑滑板,小鱼板"
"16122","16","1","武术搏击","运动健康,武术搏击"
"161221244","16122","2","跆拳道","运动健康,武术搏击,跆拳道"
"161231254","16123","2","运动护踝","运动健康,运动护具,运动护踝"
"161231266","16123","2","运动肌肉贴","运动健康,运动护具,运动肌肉贴"
"16124","16","1","瑜伽舞蹈","运动健康,瑜伽舞蹈"
"161241273","16124","2","瑜伽服裤","运动健康,瑜伽舞蹈,瑜伽服裤"
"161241302","16124","2","瑜伽半圆球","运动健康,瑜伽舞蹈,瑜伽半圆球"
"161241307","16124","2","瑜伽包","运动健康,瑜伽舞蹈,瑜伽包"
"161261328","16126","2","速滑手套","运动健康,冰上运动,速滑手套"
"161261339","16126","2","冰球球饼","运动健康,冰上运动,冰球球饼"
"161271355","16127","2","更多滑雪用具","运动健康,滑雪运动,更多滑雪用具"
"161281356","16128","2","冲锋衣裤","运动健康,户外鞋服,冲锋衣裤"
"161291387","16129","2","望远镜","运动健康,户外装备,望远镜"
"17136","17","1","跳舞毯/游戏毯","玩具乐器,跳舞毯/游戏毯"
"17143","17","1","乐器配件","玩具乐器,乐器配件"
"171441618","17144","2","箫","玩具乐器,民族吹奏乐器,箫"
"17151","17","1","键盘乐器","玩具乐器,键盘乐器"
"171511675","17151","2","口风琴","玩具乐器,键盘乐器,口风琴"
"171531684","17153","2","风动船/风动转向玩具","玩具乐器,STEAM教玩具,风动船/风动转向玩具"
"171541692","17154","2","宝宝布书","玩具乐器,响铃/安抚玩具,宝宝布书"
"171601713","17160","2","固定翼","玩具乐器,油动/电动模型,固定翼"
"171631720","17163","2","海洋球/波波球","玩具乐器,户外玩具/游乐设施,海洋球/波波球"
"18172","18","1","充值","彩票、旅行、充值、票务,充值"
"191751802","19175","2","山竹","生鲜,水果,山竹"
"191761804","19176","2","牛肉","生鲜,猪牛羊肉,牛肉"
"191771817","19177","2","软足类","生鲜,海鲜水产,软足类"
"19179","19","1","面点烘焙","生鲜,面点烘焙"
"191791827","19179","2","面点","生鲜,面点烘焙,面点"
"19182","19","1","蔬菜","生鲜,蔬菜"
"20183","20","1","传统乘用车","整车,传统乘用车"
"201831849","20183","2","中型轿车","整车,传统乘用车,中型轿车"
"201841855","20184","2","微型轿车（二手）","整车,二手车,微型轿车（二手）"
"01","0","1","音像","图书、音像、电子书刊,音像"
"010","0","1","港台图书","图书、音像、电子书刊,港台图书"
"11361","113","2","合约机","手机,运营商,合约机"
"21795","217","2","中央空调","家用电器,大 家 电,中央空调"
"219134","219","2","电陶炉","家用电器,厨房小电,电陶炉"
"222180","222","2","醒发箱","家用电器,商用电器,醒发箱"
"224227","224","2","空调配件","家用电器,家电配件,空调配件"
"327253","327","2","闪光灯/手柄","数码,数码配件,闪光灯/手柄"
"329275","329","2","收音机","数码,影音娱乐,收音机"
"538336","538","2","内存","电脑办公,电脑组件,内存"
"538337","538","2","机箱","电脑办公,电脑组件,机箱"
"539355","539","2","插座","电脑办公,外设产品,插座"
"542384","542","2","会议音频视频","电脑办公,办公设备,会议音频视频"
"649","6","1","刀剪菜板","厨具,刀剪菜板"
"650","6","1","厨房配件","厨具,厨房配件"
"650432","650","2","厨房置物架","厨具,厨房配件,厨房置物架"
"650433","650","2","厨房DIY/小工具","厨具,厨房配件,厨房DIY/小工具"
"655467","655","2","咖啡壶","厨具,咖啡具,咖啡壶"
"756481","756","2","男士面膜","个护化妆,男士面部护肤,男士面膜"
"759512","759","2","腮红/胭脂","个护化妆,香水彩妆,腮红/胭脂"
"759521","759","2","遮瑕","个护化妆,香水彩妆,遮瑕"
"860","8","1","女装","服饰内衣,女装"
"860544","860","2","风衣","服饰内衣,女装,风衣"
"861575","861","2","西服","服饰内衣,男装,西服"
"861583","861","2","中老年男装","服饰内衣,男装,中老年男装"
"864619","864","2","棒球帽","服饰内衣,服饰配件,棒球帽"
"1069661","1069","2","传统布鞋","鞋靴,流行男鞋,传统布鞋"
"1070686","1070","2","防水台","鞋靴,时尚女鞋,防水台"
"11",,"0","母婴",
"1174707","1174","2","产后塑身","母婴,妈妈专区,产后塑身"
"1174713","1174","2","待产护理","母婴,妈妈专区,待产护理"
"1175737","1175","2","亲子装","母婴,童装,亲子装"
"1177749","1177","2","棉鞋","母婴,童鞋,棉鞋"
"1283795","1283","2","花材配件","礼品箱包,鲜花速递,花材配件"
"14100","14","1","彩宝","珠宝,彩宝"
"15107955","15107","2","添加剂","汽车用品,维修保养,添加剂"
"15107962","15107","2","汽车玻璃","汽车用品,维修保养,汽车玻璃"
"15107971","15107","2","减震器","汽车用品,维修保养,减震器"
"15107989","15107","2","氧传感器","汽车用品,维修保养,氧传感器"
"151081001","15108","2","安全预警仪","汽车用品,车载电器,安全预警仪"
"151081015","15108","2","车载生活电器","汽车用品,车载电器,车载生活电器"
"151091030","15109","2","喷漆","汽车用品,美容清洗,喷漆"
"151101048","15110","2","车用收纳袋/盒","汽车用品,汽车装饰,车用收纳袋/盒"
"151101050","15110","2","遮阳挡/雪挡","汽车用品,汽车装饰,遮阳挡/雪挡"
"151101074","15110","2","头枕腰靠","汽车用品,汽车装饰,头枕腰靠"
"151111102","15111","2","拖车绳","汽车用品,安全自驾,拖车绳"
"151121150","15112","2","ETC","汽车用品,汽车服务,ETC"
"161141163","16114","2","专项运动鞋","运动健康,运动鞋包,专项运动鞋"
"161141164","16114","2","训练鞋","运动健康,运动鞋包,训练鞋"
"161161181","16116","2","军棋/陆战棋","运动健康,棋牌麻将,军棋/陆战棋"
"161171206","16117","2","其它轮滑滑板","运动健康,轮滑滑板,其它轮滑滑板"
"161201237","16120","2","比基尼","运动健康,游泳用品,比基尼"
"161241270","16124","2","瑜伽服套装","运动健康,瑜伽舞蹈,瑜伽服套装"
"161241276","16124","2","瑜伽袜","运动健康,瑜伽舞蹈,瑜伽袜"
"161241281","16124","2","现代舞服","运动健康,瑜伽舞蹈,现代舞服"
"161261331","16126","2","花样滑冰鞋","运动健康,冰上运动,花样滑冰鞋"
"161261338","16126","2","冰球杆胶布","运动健康,冰上运动,冰球杆胶布"
"161301406","16130","2","健身路径","运动健康,健身训练,健身路径"
"161311425","16131","2","壁球","运动健康,体育用品,壁球"
"161311440","16131","2","高尔夫毛/线衫","运动健康,体育用品,高尔夫毛/线衫"
"161311447","16131","2","其他高尔夫装备","运动健康,体育用品,其他高尔夫装备"
"161311460","16131","2","台球修杆器","运动健康,体育用品,台球修杆器"
"161311474","16131","2","排球鞋服","运动健康,体育用品,排球鞋服"
"161311481","16131","2","橄榄球手套","运动健康,体育用品,橄榄球手套"
"171341559","17134","2","换装娃娃","玩具乐器,娃娃玩具,换装娃娃"
"171371573","17137","2","卡通周边","玩具乐器,潮玩/动漫,卡通周边"
"171371579","17137","2","陀螺","玩具乐器,潮玩/动漫,陀螺"
"171381586","17138","2","智能公仔/娃娃","玩具乐器,早教/智能玩具,智能公仔/娃娃"
"17142","17","1","其它乐器","玩具乐器,其它乐器"
"171431604","17143","2","谱架/谱台","玩具乐器,乐器配件,谱架/谱台"
"171441614","17144","2","唢呐","玩具乐器,民族吹奏乐器,唢呐"
"171491654","17149","2","电吹管","玩具乐器,西洋管乐器,电吹管"
"171541689","17154","2","布质/软胶积木","玩具乐器,响铃/安抚玩具,布质/软胶积木"
"171551697","17155","2","敲打玩具","玩具乐器,拆装/敲打玩具,敲打玩具"
"171571703","17157","2","发光玩具","玩具乐器,发光/充气玩具,发光玩具"
"171601714","17160","2","坦克","玩具乐器,油动/电动模型,坦克"
"171661744","17166","2","魔方","玩具乐器,魔方解锁/迷宫,魔方"
"191761807","19176","2","内脏类","生鲜,猪牛羊肉,内脏类"
"191781823","19178","2","蛋类","生鲜,禽肉蛋品,蛋类"
"191811838","19181","2","方便菜","生鲜,速食熟食,方便菜"
"0528","05","2","人文社科","图书、音像、电子书刊,人文社科,人文社科"
"0737","07","2","健身与保健","图书、音像、电子书刊,生活,健身与保健"
"0952","09","2","字典词典","图书、音像、电子书刊,教育,字典词典"
"11475","114","2","手机壳/保护套","手机,手机配件,手机壳/保护套"
"11585","115","2","数字对讲机","手机,对讲机,数字对讲机"
"218106","218","2","集成灶","家用电器,厨卫大电,集成灶"
"219","2","1","厨房小电","家用电器,厨房小电"
"219137","219","2","料理机","家用电器,厨房小电,料理机"
"220142","220","2","取暖电器","家用电器,生活电器,取暖电器"
"222205","222","2","冰淇淋机","家用电器,商用电器,冰淇淋机"
"223","2","1","家电服务","家用电器,家电服务"
"328267","328","2","智能家居","数码,智能设备,智能家居"
"328269","328","2","其他配件","数码,智能设备,其他配件"
"329276","329","2","麦克风","数码,影音娱乐,麦克风"
"330281","330","2","早教益智","数码,电子教育,早教益智"
"434","4","1","生活日用","家居家装,生活日用"
"538345","538","2","组装电脑","电脑办公,电脑组件,组装电脑"
"539354","539","2","硬盘盒","电脑办公,外设产品,硬盘盒"
"547411","547","2","色带","电脑办公,办公耗材,色带"
"648420","648","2","水壶","厨具,烹饪锅具,水壶"
"654","6","1","茶具","厨具,茶具"
"758507","758","2","润唇膏","个护化妆,面部护肤,润唇膏"
"759529","759","2","睫毛膏/增长液","个护化妆,香水彩妆,睫毛膏/增长液"
"860533","860","2","雪纺衫","服饰内衣,女装,雪纺衫"
"860556","860","2","羊绒衫","服饰内衣,女装,羊绒衫"
"860560","860","2","仿皮皮衣","服饰内衣,女装,仿皮皮衣"
"862594","862","2","女式内裤","服饰内衣,内衣,女式内裤"
"966648","966","2","座钟","钟表,时钟,座钟"
"1173699","1173","2","自行车","母婴,童车童床,自行车"
"1174715","1174","2","哺乳用品","母婴,妈妈专区,哺乳用品"
"1279764","1279","2","美妆礼品","礼品箱包,礼品,美妆礼品"
"1280770","1280","2","钱包","礼品箱包,奢侈品,钱包"
"1283794","1283","2","干花","礼品箱包,鲜花速递,干花"
"13",,"0","食品饮料、保健食品",
"1386821","1386","2","蜜饯果干","食品饮料、保健食品,休闲食品,蜜饯果干"
"1498900","1498","2","翡翠耳饰","珠宝,翡翠,翡翠耳饰"
"14100913","14100","2","祖母绿","珠宝,彩宝,祖母绿"
"14101918","14101","2","和田玉手镯","珠宝,和田玉,和田玉手镯"
"14103","14","1","其它玉石","珠宝,其它玉石"
"14104937","14104","2","其他","珠宝,木手串/把件,其他"
"14105943","14105","2","珍珠手链","珠宝,珍珠,珍珠手链"
"15107990","15107","2","起动机/发电机","汽车用品,维修保养,起动机/发电机"
"151101052","15110","2","脚垫","汽车用品,汽车装饰,脚垫"
"151101083","15110","2","车载挂钩","汽车用品,汽车装饰,车载挂钩"
"151111103","15111","2","安全锤","汽车用品,安全自驾,安全锤"
"151111119","15111","2","充气泵","汽车用品,安全自驾,充气泵"
"151111130","15111","2","摩托车雨衣","汽车用品,安全自驾,摩托车雨衣"
"151111135","15111","2","摩托车锁","汽车用品,安全自驾,摩托车锁"
"151121146","15112","2","保养维修","汽车用品,汽车服务,保养维修"
"161151172","16115","2","T恤","运动健康,运动服饰,T恤"
"16117","16","1","轮滑滑板","运动健康,轮滑滑板"
"161201238","16120","2","游泳配件","运动健康,游泳用品,游泳配件"
"161221246","16122","2","柔道","运动健康,武术搏击,柔道"
"161231260","16123","2","护指","运动健康,运动护具,护指"
"161241272","16124","2","瑜伽服上衣","运动健康,瑜伽舞蹈,瑜伽服上衣"
"161241303","16124","2","瑜伽吊床","运动健康,瑜伽舞蹈,瑜伽吊床"
"161281371","16128","2","工装鞋","运动健康,户外鞋服,工装鞋"
"161281373","16128","2","沙滩/凉拖","运动健康,户外鞋服,沙滩/凉拖"
"161291390","16129","2","军迷用品","运动健康,户外装备,军迷用品"
"161301416","16130","2","俯卧撑架","运动健康,健身训练,俯卧撑架"
"161311441","16131","2","更多高尔夫服装","运动健康,体育用品,更多高尔夫服装"
"161311478","16131","2","棒球手套","运动健康,体育用品,棒球手套"
"161311545","16131","2","台球桌","运动健康,体育用品,台球桌"
"17132","17","1","遥控/电动玩具","玩具乐器,遥控/电动玩具"
"171351562","17135","2","车模","玩具乐器,静态模型,车模"
"171351567","17135","2","火车模型","玩具乐器,静态模型,火车模型"
"171481648","17148","2","非洲鼓","玩具乐器,西洋打击乐器,非洲鼓"
"171491657","17149","2","长笛","玩具乐器,西洋管乐器,长笛"
"171581706","17158","2","发条玩具","玩具乐器,惯性/发条玩具,发条玩具"
"171631724","17163","2","儿童滑梯","玩具乐器,户外玩具/游乐设施,儿童滑梯"
"171661742","17166","2","迷宫类","玩具乐器,魔方解锁/迷宫,迷宫类"
"171671746","17167","2","音乐盒","玩具乐器,音乐玩具,音乐盒"
"181711764","18171","2","旅游团购","彩票、旅行、充值、票务,旅行,旅游团购"
"191751796","19175","2","龙眼","生鲜,水果,龙眼"
"191761805","19176","2","羊肉","生鲜,猪牛羊肉,羊肉"
"191771811","19177","2","蟹类","生鲜,海鲜水产,蟹类"
"201841863","20184","2","跑车（二手）","整车,二手车,跑车（二手）"
"0211","02","2","传记","图书、音像、电子书刊,英文原版,传记"
"0314","03","2","文学","图书、音像、电子书刊,文艺,文学"
"0634","06","2","管理","图书、音像、电子书刊,经管励志,管理"
"11473","114","2","充电器","手机,手机配件,充电器"
"11474","114","2","数据线","手机,手机配件,数据线"
"11476","114","2","手机电池","手机,手机配件,手机电池"
"220143","220","2","空气净化器","家用电器,生活电器,空气净化器"
"221173","221","2","其它健康电器","家用电器,个护健康,其它健康电器"
"222196","222","2","蒸柜","家用电器,商用电器,蒸柜"
"224228","224","2","个护健康配件","家用电器,家电配件,个护健康配件"
"328271","328","2","无人机","数码,智能设备,无人机"
"433291","433","2","收纳箱","家居家装,收纳用品,收纳箱"
"433294","433","2","分隔收纳","家居家装,收纳用品,分隔收纳"
"540362","540","2","游戏机","电脑办公,游戏设备,游戏机"
"541","5","1","网络产品","电脑办公,网络产品"
"541370","541","2","网络存储","电脑办公,网络产品,网络存储"
"543394","543","2","本册/便签","电脑办公,文具,本册/便签"
"654458","654","2","茶壶","厨具,茶具,茶壶"
"654464","654","2","旅行茶具","厨具,茶具,旅行茶具"
"655469","655","2","磨豆机","厨具,咖啡具,磨豆机"
"655470","655","2","打奶器","厨具,咖啡具,打奶器"
"758501","758","2","眼霜/眼部精华","个护化妆,面部护肤,眼霜/眼部精华"
"860536","860","2","连衣裙","服饰内衣,女装,连衣裙"
"860538","860","2","牛仔裤","服饰内衣,女装,牛仔裤"
"860558","860","2","皮草","服饰内衣,女装,皮草"
"860562","860","2","设计师/潮牌","服饰内衣,女装,设计师/潮牌"
"861565","861","2","T恤","服饰内衣,男装,T恤"
"861578","861","2","牛仔裤","服饰内衣,男装,牛仔裤"
"861584","861","2","唐装/汉服","服饰内衣,男装,唐装/汉服"
"861591","861","2","羊毛衫","服饰内衣,男装,羊毛衫"
"862598","862","2","泳衣","服饰内衣,内衣,泳衣"
"864622","864","2","老花镜","服饰内衣,服饰配件,老花镜"
"1070672","1070","2","雪地靴","鞋靴,时尚女鞋,雪地靴"
"1070673","1070","2","拖鞋/人字拖","鞋靴,时尚女鞋,拖鞋/人字拖"
"1171687","1171","2","婴幼儿奶粉","母婴,奶粉,婴幼儿奶粉"
"1175733","1175","2","礼服/演出服","母婴,童装,礼服/演出服"
"1177744","1177","2","学步鞋/步前鞋","母婴,童鞋,学步鞋/步前鞋"
"1177746","1177","2","布鞋/编织鞋","母婴,童鞋,布鞋/编织鞋"
"1282785","1282","2","婚嫁首饰","礼品箱包,婚庆,婚嫁首饰"
"1385813","1385","2","湖南","食品饮料、保健食品,地方特产,湖南"
"1385815","1385","2","云南","食品饮料、保健食品,地方特产,云南"
"1387832","1387","2","有机食品","食品饮料、保健食品,粮油调味,有机食品"
"1389842","1389","2","卡券","食品饮料、保健食品,食品礼券,卡券"
"1390843","1390","2","铁观音","食品饮料、保健食品,茗茶,铁观音"
"1390851","1390","2","养生茶","食品饮料、保健食品,茗茶,养生茶"
"1498","14","1","翡翠","珠宝,翡翠"
"14102923","14102","2","铂金吊坠","珠宝,铂金,铂金吊坠"
"14105941","14105","2","珍珠吊坠","珠宝,珍珠,珍珠吊坠"
"15107954","15107","2","刹车蹄","汽车用品,维修保养,刹车蹄"
"15107966","15107","2","机油滤清器","汽车用品,维修保养,机油滤清器"
"15108999","15108","2","逆变器","汽车用品,车载电器,逆变器"
"151091038","15109","2","洗车水管/接头","汽车用品,美容清洗,洗车水管/接头"
"151111109","15111","2","中控锁","汽车用品,安全自驾,中控锁"
"16114","16","1","运动鞋包","运动健康,运动鞋包"
"161151168","16115","2","棉服","运动健康,运动服饰,棉服"
"161151171","16115","2","卫衣/套头衫","运动健康,运动服饰,卫衣/套头衫"
"16116","16","1","棋牌麻将","运动健康,棋牌麻将"
"161161188","16116","2","牌九","运动健康,棋牌麻将,牌九"
"161161189","16116","2","骰子/色子","运动健康,棋牌麻将,骰子/色子"
"161171204","16117","2","双翘板","运动健康,轮滑滑板,双翘板"
"161221243","16122","2","拳击","运动健康,武术搏击,拳击"
"161221247","16122","2","剑道","运动健康,武术搏击,剑道"
"161241280","16124","2","芭蕾舞服","运动健康,瑜伽舞蹈,芭蕾舞服"
"161241285","16124","2","拉丁舞鞋","运动健康,瑜伽舞蹈,拉丁舞鞋"
"161251310","16125","2","马术靴","运动健康,马术/民俗运动,马术靴"
"161271353","16127","2","雪板固定器","运动健康,滑雪运动,雪板固定器"
"161281359","16128","2","休闲衣裤","运动健康,户外鞋服,休闲衣裤"
"161281369","16128","2","越野跑鞋","运动健康,户外鞋服,越野跑鞋"
"161291385","16129","2","军迷装备","运动健康,户外装备,军迷装备"
"161301394","16130","2","综合训练器","运动健康,健身训练,综合训练器"
"161301396","16130","2","椭圆机","运动健康,健身训练,椭圆机"
"161301401","16130","2","其他器械","运动健康,健身训练,其他器械"
"161301403","16130","2","动感单车","运动健康,健身训练,动感单车"
"161301414","16130","2","腕力器","运动健康,健身训练,腕力器"
"161311442","16131","2","高尔夫球包","运动健康,体育用品,高尔夫球包"
"161311443","16131","2","高尔夫球包车","运动健康,体育用品,高尔夫球包车"
"161311477","16131","2","棒球棒","运动健康,体育用品,棒球棒"
"161311487","16131","2","乒乓球桌","运动健康,体育用品,乒乓球桌"
"161311501","16131","2","足球球门","运动健康,体育用品,足球球门"
"161311510","16131","2","羽毛球","运动健康,体育用品,羽毛球"
"171441616","17144","2","笙","玩具乐器,民族吹奏乐器,笙"
"171461633","17146","2","三弦","玩具乐器,民族弹拨乐器,三弦"
"171471640","17147","2","京胡/京二胡","玩具乐器,民族拉弦乐器,京胡/京二胡"
"171491662","17149","2","长号","玩具乐器,西洋管乐器,长号"
"171541691","17154","2","拨浪鼓","玩具乐器,响铃/安抚玩具,拨浪鼓"
"17156","17","1","串珠/配对玩具","玩具乐器,串珠/配对玩具"
"181681756","18168","2","新时时彩","彩票、旅行、充值、票务,彩票,新时时彩"
"191751783","19175","2","柚子","生鲜,水果,柚子"
"191751787","19175","2","菠萝/凤梨","生鲜,水果,菠萝/凤梨"
"191751799","19175","2","石榴","生鲜,水果,石榴"
"191801836","19180","2","低温奶","生鲜,乳品冷饮,低温奶"
"19181","19","1","速食熟食","生鲜,速食熟食"
"201831852","20183","2","MPV","整车,传统乘用车,MPV"
"113","1","1","运营商","手机,运营商"
"11482","114","2","手机信号增强器","手机,手机配件,手机信号增强器"
"219132","219","2","电热饭盒","家用电器,厨房小电,电热饭盒"
"220147","220","2","挂烫机/熨斗","家用电器,生活电器,挂烫机/熨斗"
"220154","220","2","其它生活电器","家用电器,生活电器,其它生活电器"
"220155","220","2","净水器","家用电器,生活电器,净水器"
"221177","221","2","电动牙刷头","家用电器,个护健康,电动牙刷头"
"225232","225","2","HIFI专区","家用电器,视听影音,HIFI专区"
"326245","326","2","镜头","数码,摄影摄像,镜头"
"435311","435","2","钟饰","家居家装,家装软饰,钟饰"
"538333","538","2","显卡","电脑办公,电脑组件,显卡"
"538338","538","2","电源","电脑办公,电脑组件,电源"
"539357","539","2","UPS电源","电脑办公,外设产品,UPS电源"
"539361","539","2","网络仪表仪器","电脑办公,外设产品,网络仪表仪器"
"542385","542","2","保险柜/箱","电脑办公,办公设备,保险柜/箱"
"648415","648","2","蒸锅","厨具,烹饪锅具,蒸锅"
"650435","650","2","调料器皿","厨具,厨房配件,调料器皿"
"759511","759","2","粉底液/膏","个护化妆,香水彩妆,粉底液/膏"
"861","8","1","男装","服饰内衣,男装"
"861564","861","2","衬衫","服饰内衣,男装,衬衫"
"861581","861","2","西服套装","服饰内衣,男装,西服套装"
"862593","862","2","文胸","服饰内衣,内衣,文胸"
"864621","864","2","遮阳帽","服饰内衣,服饰配件,遮阳帽"
"864630","864","2","礼帽","服饰内衣,服饰配件,礼帽"
"864638","864","2","耳罩/耳包","服饰内衣,服饰配件,耳罩/耳包"
"966649","966","2","挂钟","钟表,时钟,挂钟"
"1069663","1069","2","帆布鞋","鞋靴,流行男鞋,帆布鞋"
"1171","11","1","奶粉","母婴,奶粉"
"1173696","1173","2","婴儿床","母婴,童车童床,婴儿床"
"1175719","1175","2","家居服","母婴,童装,家居服"
"1279763","1279","2","京东卡","礼品箱包,礼品,京东卡"
"1279767","1279","2","古董文玩","礼品箱包,礼品,古董文玩"
"1280773","1280","2","太阳镜/眼镜框","礼品箱包,奢侈品,太阳镜/眼镜框"
"1280774","1280","2","配件","礼品箱包,奢侈品,配件"
"1385811","1385","2","内蒙古","食品饮料、保健食品,地方特产,内蒙古"
"1385816","1385","2","东北","食品饮料、保健食品,地方特产,东北"
"1386823","1386","2","饼干蛋糕","食品饮料、保健食品,休闲食品,饼干蛋糕"
"1390844","1390","2","普洱","食品饮料、保健食品,茗茶,普洱"
"14100909","14100","2","碧玺","珠宝,彩宝,碧玺"
"14103928","14103","2","绿松石","珠宝,其它玉石,绿松石"
"14104","14","1","木手串/把件","珠宝,木手串/把件"
"15107953","15107","2","正时皮带","汽车用品,维修保养,正时皮带"
"15107973","15107","2","雨刷","汽车用品,维修保养,雨刷"
"151081014","15108","2","汽车音响","汽车用品,车载电器,汽车音响"
"151091025","15109","2","汽车贴膜","汽车用品,美容清洗,汽车贴膜"
"151091036","15109","2","洗车配件","汽车用品,美容清洗,洗车配件"
"151101089","15110","2","仪表台防晒垫","汽车用品,汽车装饰,仪表台防晒垫"
"151101093","15110","2","车门拉手装饰","汽车用品,汽车装饰,车门拉手装饰"
"151101098","15110","2","防撞胶条","汽车用品,汽车装饰,防撞胶条"
"151111127","15111","2","摩托车骑行裤","汽车用品,安全自驾,摩托车骑行裤"
"151121145","15112","2","空调清洗","汽车用品,汽车服务,空调清洗"
"161141161","16114","2","帆布鞋","运动健康,运动鞋包,帆布鞋"
"161141166","16114","2","运动包","运动健康,运动鞋包,运动包"
"161171201","16117","2","轮滑护具","运动健康,轮滑滑板,轮滑护具"
"16119","16","1","垂钓用品","运动健康,垂钓用品"
"161221250","16122","2","太极","运动健康,武术搏击,太极"
"161231258","16123","2","运动护肩","运动健康,运动护具,运动护肩"
"161231265","16123","2","其他运动护具","运动健康,运动护具,其他运动护具"
"161241282","16124","2","肚皮舞服","运动健康,瑜伽舞蹈,肚皮舞服"
"161241286","16124","2","芭蕾舞鞋","运动健康,瑜伽舞蹈,芭蕾舞鞋"
"161241293","16124","2","瑜伽垫","运动健康,瑜伽舞蹈,瑜伽垫"
"161241295","16124","2","瑜伽球","运动健康,瑜伽舞蹈,瑜伽球"
"161271349","16127","2","滑雪鞋","运动健康,滑雪运动,滑雪鞋"
"161281360","16128","2","抓绒衣裤","运动健康,户外鞋服,抓绒衣裤"
"161311439","16131","2","高尔夫卫衣/套头衫","运动健康,体育用品,高尔夫卫衣/套头衫"
"161311458","16131","2","台球架杆器","运动健康,体育用品,台球架杆器"
"161311482","16131","2","其他橄榄球装备","运动健康,体育用品,其他橄榄球装备"
"161311529","16131","2","网球网","运动健康,体育用品,网球网"
"161311543","16131","2","排球","运动健康,体育用品,排球"
"17",,"0","玩具乐器",
"171321554","17132","2","遥控/电动玩具配件","玩具乐器,遥控/电动玩具,遥控/电动玩具配件"
"171331558","17133","2","其他毛绒布艺玩具","玩具乐器,毛绒布艺,其他毛绒布艺玩具"
"171391589","17139","2","积木","玩具乐器,积木拼插,积木"
"171401596","17140","2","儿童贴纸","玩具乐器,绘画/DIY,儿童贴纸"
"17141","17","1","创意减压","玩具乐器,创意减压"
"171441617","17144","2","陶笛","玩具乐器,民族吹奏乐器,陶笛"
"171451620","17145","2","镲","玩具乐器,民族打击乐器,镲"
"171491656","17149","2","短笛","玩具乐器,西洋管乐器,短笛"
"171551696","17155","2","几何形状套柱","玩具乐器,拆装/敲打玩具,几何形状套柱"
"171641736","17164","2","手推玩具","玩具乐器,健身架/爬行学步玩具,手推玩具"
"181741768","18174","2","电影票","彩票、旅行、充值、票务,票务,电影票"
"181741774","18174","2","戏曲综艺","彩票、旅行、充值、票务,票务,戏曲综艺"
"191751782","19175","2","葡萄/提子","生鲜,水果,葡萄/提子"
"191751788","19175","2","桔/橘","生鲜,水果,桔/橘"
"19177","19","1","海鲜水产","生鲜,海鲜水产"
"191781821","19178","2","鸡肉","生鲜,禽肉蛋品,鸡肉"
"03","0","1","文艺","图书、音像、电子书刊,文艺"
"0422","04","2","11-14岁","图书、音像、电子书刊,少儿,11-14岁"
"0738","07","2","家庭与育儿","图书、音像、电子书刊,生活,家庭与育儿"
"0844","08","2","医学","图书、音像、电子书刊,科技,医学"
"11481","114","2","手机支架","手机,手机配件,手机支架"
"11584","115","2","模拟对讲机","手机,对讲机,模拟对讲机"
"219136","219","2","多用途锅","家用电器,厨房小电,多用途锅"
"220152","220","2","电风扇","家用电器,生活电器,电风扇"
"220157","220","2","毛球修剪器","家用电器,生活电器,毛球修剪器"
"221171","221","2","洁面仪","家用电器,个护健康,洁面仪"
"221178","221","2","冲牙器","家用电器,个护健康,冲牙器"
"222198","222","2","电炸炉","家用电器,商用电器,电炸炉"
"222210","222","2","商用净水设备","家用电器,商用电器,商用净水设备"
"222216","222","2","商用电饭煲","家用电器,商用电器,商用电饭煲"
"327258","327","2","镜头附件","数码,数码配件,镜头附件"
"435305","435","2","装饰字画","家居家装,家装软饰,装饰字画"
"436320","436","2","猫狗玩具","家居家装,宠物生活,猫狗玩具"
"538343","538","2","装机配件","电脑办公,电脑组件,装机配件"
"538344","538","2","主板CPU套装","电脑办公,电脑组件,主板CPU套装"
"541368","541","2","网卡","电脑办公,网络产品,网卡"
"543393","543","2","文件管理","电脑办公,文具,文件管理"
"544402","544","2","京东服务","电脑办公,服务产品,京东服务"
"756477","756","2","男士面部精华","个护化妆,男士面部护肤,男士面部精华"
"756478","756","2","男士爽肤水/化妆水","个护化妆,男士面部护肤,男士爽肤水/化妆水"
"756479","756","2","男士乳液/面霜","个护化妆,男士面部护肤,男士乳液/面霜"
"861568","861","2","羊绒衫","服饰内衣,男装,羊绒衫"
"861574","861","2","仿皮皮衣","服饰内衣,男装,仿皮皮衣"
"862601","862","2","连裤袜/丝袜","服饰内衣,内衣,连裤袜/丝袜"
"863","8","1","洗衣服务","服饰内衣,洗衣服务"
"1070674","1070","2","踝靴","鞋靴,时尚女鞋,踝靴"
"1174714","1174","2","孕产妇家居服/哺乳装","母婴,妈妈专区,孕产妇家居服/哺乳装"
"1175720","1175","2","内衣裤","母婴,童装,内衣裤"
"1178","11","1","亲子乐园","母婴,亲子乐园"
"1279757","1279","2","工艺礼品","礼品箱包,礼品,工艺礼品"
"1386","13","1","休闲食品","食品饮料、保健食品,休闲食品"
"1387824","1387","2","面","食品饮料、保健食品,粮油调味,面"
"1390853","1390","2","白茶","食品饮料、保健食品,茗茶,白茶"
"1492864","1492","2","发箍","珠宝,发饰,发箍"
"14100908","14100","2","琥珀/蜜蜡","珠宝,彩宝,琥珀/蜜蜡"
"14100910","14100","2","红宝石/蓝宝石","珠宝,彩宝,红宝石/蓝宝石"
"14101921","14101","2","和田玉耳饰","珠宝,和田玉,和田玉耳饰"
"14104932","14104","2","小叶紫檀","珠宝,木手串/把件,小叶紫檀"
"15107","15","1","维修保养","汽车用品,维修保养"
"15107956","15107","2","刹车卡钳","汽车用品,维修保养,刹车卡钳"
"15107972","15107","2","柴机油","汽车用品,维修保养,柴机油"
"151111121","15111","2","自驾野营","汽车用品,安全自驾,自驾野营"
"151121139","15112","2","保养套餐","汽车用品,汽车服务,保养套餐"
"151121140","15112","2","洗车服务","汽车用品,汽车服务,洗车服务"
"161151167","16115","2","羽绒服","运动健康,运动服饰,羽绒服"
"161151177","16115","2","运动配饰","运动健康,运动服饰,运动配饰"
"161161183","16116","2","扑克","运动健康,棋牌麻将,扑克"
"161161190","16116","2","筹码","运动健康,棋牌麻将,筹码"
"161181215","16118","2","穿戴装备","运动健康,骑行运动,穿戴装备"
"161191222","16119","2","鱼线","运动健康,垂钓用品,鱼线"
"161191227","16119","2","钓鱼灯","运动健康,垂钓用品,钓鱼灯"
"16120","16","1","游泳用品","运动健康,游泳用品"
"161211239","16121","2","赛事报名","运动健康,体育服务,赛事报名"
"161211242","16121","2","其他","运动健康,体育服务,其他"
"161241292","16124","2","体操跳板","运动健康,瑜伽舞蹈,体操跳板"
"161251324","16125","2","其他民俗用品","运动健康,马术/民俗运动,其他民俗用品"
"161301399","16130","2","拉力器/臂力器","运动健康,健身训练,拉力器/臂力器"
"161301411","16130","2","骑马机","运动健康,健身训练,骑马机"
"161311446","16131","2","高尔夫球钉","运动健康,体育用品,高尔夫球钉"
"161311483","16131","2","棒球鞋服","运动健康,体育用品,棒球鞋服"
"161311488","16131","2","乒乓球发球机","运动健康,体育用品,乒乓球发球机"
"161311497","16131","2","乒乓球袜","运动健康,体育用品,乒乓球袜"
"161311530","16131","2","网球避震器","运动健康,体育用品,网球避震器"
"161311546","16131","2","棒球","运动健康,体育用品,棒球"
"171371577","17137","2","扭蛋","玩具乐器,潮玩/动漫,扭蛋"
"171371578","17137","2","人偶/BJD/兵人","玩具乐器,潮玩/动漫,人偶/BJD/兵人"
"171451625","17145","2","排鼓","玩具乐器,民族打击乐器,排鼓"
"171491653","17149","2","单簧管/双簧管","玩具乐器,西洋管乐器,单簧管/双簧管"
"171501669","17150","2","吉他","玩具乐器,西洋弦乐器,吉他"
"171511673","17151","2","电子琴","玩具乐器,键盘乐器,电子琴"
"171531681","17153","2","空气动力玩具","玩具乐器,STEAM教玩具,空气动力玩具"
"171581705","17158","2","回力玩具","玩具乐器,惯性/发条玩具,回力玩具"
"171591708","17159","2","仿真照相机","玩具乐器,仿真/过家家玩具,仿真照相机"
"17163","17","1","户外玩具/游乐设施","玩具乐器,户外玩具/游乐设施"
"171631727","17163","2","儿童秋千","玩具乐器,户外玩具/游乐设施,儿童秋千"
"181681750","18168","2","排列三","彩票、旅行、充值、票务,彩票,排列三"
"181701758","18170","2","国内酒店","彩票、旅行、充值、票务,酒店,国内酒店"
"191751780","19175","2","蓝莓","生鲜,水果,蓝莓"
"191791825","19179","2","水饺/馄饨","生鲜,面点烘焙,水饺/馄饨"
"191791831","19179","2","蛋挞","生鲜,面点烘焙,蛋挞"
"201831854","20183","2","跑车","整车,传统乘用车,跑车"
"201841865","20184","2","面包车（二手）","整车,二手车,面包车（二手）"
"002","00","2","数字杂志","图书、音像、电子书刊,电子书刊,数字杂志"
"0842","08","2","科普读物","图书、音像、电子书刊,科技,科普读物"
"11363","113","2","装宽带","手机,运营商,装宽带"
"21794","217","2","空调","家用电器,大 家 电,空调"
"219120","219","2","微波炉","家用电器,厨房小电,微波炉"
"219133","219","2","空气炸锅","家用电器,厨房小电,空气炸锅"
"219138","219","2","破壁机","家用电器,厨房小电,破壁机"
"220151","220","2","干衣机","家用电器,生活电器,干衣机"
"222191","222","2","香肠/热狗机","家用电器,商用电器,香肠/热狗机"
"222214","222","2","食品烘干机","家用电器,商用电器,食品烘干机"
"327255","327","2","三脚架/云台","数码,数码配件,三脚架/云台"
"329274","329","2","音箱/音响","数码,影音娱乐,音箱/音响"
"331287","331","2","延保服务","数码,虚拟商品,延保服务"
"435312","435","2","花瓶花艺","家居家装,家装软饰,花瓶花艺"
"537323","537","2","笔记本","电脑办公,电脑整机,笔记本"
"538342","538","2","声卡/扩展卡","电脑办公,电脑组件,声卡/扩展卡"
"542374","542","2","投影机","电脑办公,办公设备,投影机"
"648","6","1","烹饪锅具","厨具,烹饪锅具"
"652446","652","2","餐具套装","厨具,餐具,餐具套装"
"653454","653","2","酒店餐具","厨具,酒店用品,酒店餐具"
"654456","654","2","整套茶具","厨具,茶具,整套茶具"
"654462","654","2","茶宠摆件","厨具,茶具,茶宠摆件"
"757489","757","2","化妆刷","个护化妆,美妆工具,化妆刷"
"759525","759","2","唇笔/唇线笔","个护化妆,香水彩妆,唇笔/唇线笔"
"860530","860","2","T恤","服饰内衣,女装,T恤"
"860546","860","2","真皮皮衣","服饰内衣,女装,真皮皮衣"
"860561","860","2","毛衣","服饰内衣,女装,毛衣"
"861570","861","2","马甲/背心","服饰内衣,男装,马甲/背心"
"861576","861","2","棉服","服饰内衣,男装,棉服"
"861579","861","2","休闲裤","服饰内衣,男装,休闲裤"
"862600","862","2","抹胸","服饰内衣,内衣,抹胸"
"1070678","1070","2","鞋配件","鞋靴,时尚女鞋,鞋配件"
"1070680","1070","2","鱼嘴鞋","鞋靴,时尚女鞋,鱼嘴鞋"
"1070682","1070","2","马丁靴","鞋靴,时尚女鞋,马丁靴"
"1172693","1172","2","婴儿纸尿片","母婴,尿裤湿巾,婴儿纸尿片"
"1173","11","1","童车童床","母婴,童车童床"
"1174706","1174","2","出行用品","母婴,妈妈专区,出行用品"
"1175727","1175","2","马甲","母婴,童装,马甲"
"1175734","1175","2","儿童配饰","母婴,童装,儿童配饰"
"12",,"0","礼品箱包",
"1279756","1279","2","收藏品","礼品箱包,礼品,收藏品"
"1384798","1384","2","休闲零食","食品饮料、保健食品,进口食品,休闲零食"
"1384801","1384","2","牛奶乳品","食品饮料、保健食品,进口食品,牛奶乳品"
"1387","13","1","粮油调味","食品饮料、保健食品,粮油调味"
"1491860","1491","2","毛衣链","珠宝,时尚饰品,毛衣链"
"1496888","1496","2","银戒指","珠宝,银饰,银戒指"
"1498899","1498","2","翡翠戒指","珠宝,翡翠,翡翠戒指"
"14101","14","1","和田玉","珠宝,和田玉"
"151081013","15108","2","车载冰箱","汽车用品,车载电器,车载冰箱"
"151091024","15109","2","车蜡","汽车用品,美容清洗,车蜡"
"151091031","15109","2","玻璃水","汽车用品,美容清洗,玻璃水"
"151091037","15109","2","洗车机","汽车用品,美容清洗,洗车机"
"151101046","15110","2","车身装饰条","汽车用品,汽车装饰,车身装饰条"
"151101066","15110","2","排挡/手刹套","汽车用品,汽车装饰,排挡/手刹套"
"151101078","15110","2","挂件","汽车用品,汽车装饰,挂件"
"151101082","15110","2","司机护目镜","汽车用品,汽车装饰,司机护目镜"
"151101086","15110","2","内饰贴","汽车用品,汽车装饰,内饰贴"
"151101096","15110","2","电子香薰","汽车用品,汽车装饰,电子香薰"
"15111","15","1","安全自驾","汽车用品,安全自驾"
"151111112","15111","2","胎压监测","汽车用品,安全自驾,胎压监测"
"161161187","16116","2","UNO牌","运动健康,棋牌麻将,UNO牌"
"161161191","16116","2","筹码架/盒","运动健康,棋牌麻将,筹码架/盒"
"161191223","16119","2","鱼饵","运动健康,垂钓用品,鱼饵"
"161191230","16119","2","辅助装备","运动健康,垂钓用品,辅助装备"
"161241283","16124","2","其他舞蹈服","运动健康,瑜伽舞蹈,其他舞蹈服"
"161251320","16125","2","响鞭","运动健康,马术/民俗运动,响鞭"
"161251322","16125","2","门球","运动健康,马术/民俗运动,门球"
"161261330","16126","2","速滑磨刀架","运动健康,冰上运动,速滑磨刀架"
"161261336","16126","2","冰球训练服","运动健康,冰上运动,冰球训练服"
"161301415","16130","2","呼啦圈","运动健康,健身训练,呼啦圈"
"161301419","16130","2","美腰机","运动健康,健身训练,美腰机"
"161311437","16131","2","高尔夫T恤","运动健康,体育用品,高尔夫T恤"
"161311479","16131","2","橄榄球","运动健康,体育用品,橄榄球"
"161311494","16131","2","乒乓球捡球器","运动健康,体育用品,乒乓球捡球器"
"161311499","16131","2","其他乒乓球装备","运动健康,体育用品,其他乒乓球装备"
"161311505","16131","2","球迷用品","运动健康,体育用品,球迷用品"
"161311524","16131","2","网球手胶","运动健康,体育用品,网球手胶"
"161311547","16131","2","运动地胶","运动健康,体育用品,运动地胶"
"17139","17","1","积木拼插","玩具乐器,积木拼插"
"171591710","17159","2","切切看","玩具乐器,仿真/过家家玩具,切切看"
"171631723","17163","2","游戏围栏","玩具乐器,户外玩具/游乐设施,游戏围栏"
"18168","18","1","彩票","彩票、旅行、充值、票务,彩票"
"181721765","18172","2","手机充值","彩票、旅行、充值、票务,充值,手机充值"
"191791828","19179","2","低温粽子","生鲜,面点烘焙,低温粽子"
"191801834","19180","2","奶酪黄油","生鲜,乳品冷饮,奶酪黄油"
"191821844","19182","2","葱姜蒜椒","生鲜,蔬菜,葱姜蒜椒"
"20185","20","1","新能源汽车","整车,新能源汽车"
"0",,"0","图书、音像、电子书刊",
"015","01","2","影视","图书、音像、电子书刊,音像,影视"
"0524","05","2","哲学","图书、音像、电子书刊,人文社科,哲学"
"0530","05","2","文化","图书、音像、电子书刊,人文社科,文化"
"0531","05","2","社会科学","图书、音像、电子书刊,人文社科,社会科学"
"0950","09","2","外语学习","图书、音像、电子书刊,教育,外语学习"
"11469","114","2","苹果周边","手机,手机配件,苹果周边"
"219118","219","2","豆浆机","家用电器,厨房小电,豆浆机"
"219122","219","2","电磁炉","家用电器,厨房小电,电磁炉"
"220146","220","2","吸尘器","家用电器,生活电器,吸尘器"
"221","2","1","个护健康","家用电器,个护健康"
"222218","222","2","工程电器/解决方案","家用电器,商用电器,工程电器/解决方案"
"224226","224","2","生活电器配件","家用电器,家电配件,生活电器配件"
"326244","326","2","运动相机","数码,摄影摄像,运动相机"
"326246","326","2","户外器材","数码,摄影摄像,户外器材"
"328266","328","2","智能配饰","数码,智能设备,智能配饰"
"329272","329","2","MP3/MP4","数码,影音娱乐,MP3/MP4"
"329278","329","2","苹果配件","数码,影音娱乐,苹果配件"
"331","3","1","虚拟商品","数码,虚拟商品"
"435314","435","2","创意家居","家居家装,家装软饰,创意家居"
"538332","538","2","主板","电脑办公,电脑组件,主板"
"539360","539","2","电脑清洁","电脑办公,外设产品,电脑清洁"
"541373","541","2","网络配件","电脑办公,网络产品,网络配件"
"542380","542","2","复合机","电脑办公,办公设备,复合机"
"545404","545","2","办公设备安装","电脑办公,电脑办公安装,办公设备安装"
"650430","650","2","厨房秤","厨具,厨房配件,厨房秤"
"651440","651","2","保温杯","厨具,水具酒具,保温杯"
"651444","651","2","焖烧杯","厨具,水具酒具,焖烧杯"
"756475","756","2","男士洁面","个护化妆,男士面部护肤,男士洁面"
"756482","756","2","男士T区护理","个护化妆,男士面部护肤,男士T区护理"
"757490","757","2","粉扑/洗脸扑","个护化妆,美妆工具,粉扑/洗脸扑"
"758499","758","2","套装/礼盒","个护化妆,面部护肤,套装/礼盒"
"860531","860","2","衬衫","服饰内衣,女装,衬衫"
"860535","860","2","马甲","服饰内衣,女装,马甲"
"861572","861","2","风衣","服饰内衣,男装,风衣"
"861577","861","2","羽绒服","服饰内衣,男装,羽绒服"
"965644","965","2","日韩表","钟表,腕表,日韩表"
"968652","968","2","钟表维修","钟表,钟表服务,钟表维修"
"1069666","1069","2","定制鞋","鞋靴,流行男鞋,定制鞋"
"1175726","1175","2","肚兜","母婴,童装,肚兜"
"1175730","1175","2","羽绒服","母婴,童装,羽绒服"
"1175739","1175","2","套装","母婴,童装,套装"
"1384799","1384","2","冲调品","食品饮料、保健食品,进口食品,冲调品"
"1384805","1384","2","油","食品饮料、保健食品,进口食品,油"
"1387827","1387","2","米","食品饮料、保健食品,粮油调味,米"
"1491863","1491","2","婚庆饰品","珠宝,时尚饰品,婚庆饰品"
"1493874","1493","2","黄金转运珠","珠宝,黄金,黄金转运珠"
"1495885","1495","2","投资收藏","珠宝,金银投资,投资收藏"
"1496889","1496","2","银耳饰","珠宝,银饰,银耳饰"
"1497893","1497","2","钻戒","珠宝,钻石,钻戒"
"15107986","15107","2","三滤套装","汽车用品,维修保养,三滤套装"
"151081002","15108","2","行车记录仪","汽车用品,车载电器,行车记录仪"
"151081012","15108","2","车机导航","汽车用品,车载电器,车机导航"
"151081018","15108","2","电动车窗升降器","汽车用品,车载电器,电动车窗升降器"
"151101085","15110","2","扶手箱套","汽车用品,汽车装饰,扶手箱套"
"151101087","15110","2","门碗贴","汽车用品,汽车装饰,门碗贴"
"151111107","15111","2","防滑链","汽车用品,安全自驾,防滑链"
"151111131","15111","2","摩托车蓝牙装备","汽车用品,安全自驾,摩托车蓝牙装备"
"151111137","15111","2","摩托车灯","汽车用品,安全自驾,摩托车灯"
"161171199","16117","2","弹跳鞋","运动健康,轮滑滑板,弹跳鞋"
"161181214","16118","2","自行车配件","运动健康,骑行运动,自行车配件"
"161191224","16119","2","浮漂","运动健康,垂钓用品,浮漂"
"161191225","16119","2","鱼线轮","运动健康,垂钓用品,鱼线轮"
"161241290","16124","2","舞蹈把杆","运动健康,瑜伽舞蹈,舞蹈把杆"
"161261337","16126","2","冰球刀片","运动健康,冰上运动,冰球刀片"
"161281361","16128","2","软壳衣裤","运动健康,户外鞋服,软壳衣裤"
"161291388","16129","2","旅行装备","运动健康,户外装备,旅行装备"
"161291389","16129","2","野餐用品","运动健康,户外装备,野餐用品"
"161311473","16131","2","排球网/球柱","运动健康,体育用品,排球网/球柱"
"161311489","16131","2","乒乓球拍胶皮","运动健康,体育用品,乒乓球拍胶皮"
"161311491","16131","2","乒乓球鞋","运动健康,体育用品,乒乓球鞋"
"161311513","16131","2","羽毛球手胶","运动健康,体育用品,羽毛球手胶"
"171351564","17135","2","其他静态模型","玩具乐器,静态模型,其他静态模型"
"171381582","17138","2","儿童玩具表","玩具乐器,早教/智能玩具,儿童玩具表"
"171431605","17143","2","琴弦","玩具乐器,乐器配件,琴弦"
"171481644","17148","2","电子鼓","玩具乐器,西洋打击乐器,电子鼓"
"171491655","17149","2","萨克斯","玩具乐器,西洋管乐器,萨克斯"
"171491663","17149","2","其它西洋管乐器","玩具乐器,西洋管乐器,其它西洋管乐器"
"171501671","17150","2","其它西洋弦乐器","玩具乐器,西洋弦乐器,其它西洋弦乐器"
"171531683","17153","2","热胀冷缩/感温玩具","玩具乐器,STEAM教玩具,热胀冷缩/感温玩具"
"171581704","17158","2","惯性/滑行玩具","玩具乐器,惯性/发条玩具,惯性/滑行玩具"
"181691757","18169","2","国内机票","彩票、旅行、充值、票务,机票,国内机票"
"181701759","18170","2","酒店团购","彩票、旅行、充值、票务,酒店,酒店团购"
"181711761","18171","2","景点","彩票、旅行、充值、票务,旅行,景点"
"181741769","18174","2","演唱会","彩票、旅行、充值、票务,票务,演唱会"
"191751790","19175","2","草莓","生鲜,水果,草莓"
"191771819","19177","2","海鲜制品","生鲜,海鲜水产,海鲜制品"
"191801835","19180","2","冰淇淋","生鲜,乳品冷饮,冰淇淋"
"191821840","19182","2","叶菜类","生鲜,蔬菜,叶菜类"
"003","00","2","多媒体图书","图书、音像、电子书刊,电子书刊,多媒体图书"
"0420","04","2","3-6岁","图书、音像、电子书刊,少儿,3-6岁"
"0845","08","2","科学与自然","图书、音像、电子书刊,科技,科学与自然"
"11690","116","2","电池换新","手机,手机服务,电池换新"
"218","2","1","厨卫大电","家用电器,厨卫大电"
"219117","219","2","电压力锅","家用电器,厨房小电,电压力锅"
"222","2","1","商用电器","家用电器,商用电器"
"222186","222","2","保温售饭台","家用电器,商用电器,保温售饭台"
"326242","326","2","摄像机","数码,摄影摄像,摄像机"
"327","3","1","数码配件","数码,数码配件"
"327254","327","2","相机包","数码,数码配件,相机包"
"330280","330","2","点读机/笔","数码,电子教育,点读机/笔"
"332288","332","2","其他数码产品维修","数码,数码维修,其他数码产品维修"
"435304","435","2","相框/照片墙","家居家装,家装软饰,相框/照片墙"
"537325","537","2","平板电脑","电脑办公,电脑整机,平板电脑"
"539348","539","2","U盘","电脑办公,外设产品,U盘"
"650434","650","2","厨房储物器皿","厨具,厨房配件,厨房储物器皿"
"652449","652","2","一次性用品","厨具,餐具,一次性用品"
"757494","757","2","美妆工具套装","个护化妆,美妆工具,美妆工具套装"
"861571","861","2","夹克","服饰内衣,男装,夹克"
"862609","862","2","大码内衣","服饰内衣,内衣,大码内衣"
"1173701","1173","2","扭扭车","母婴,童车童床,扭扭车"
"1174710","1174","2","孕妇装","母婴,妈妈专区,孕妇装"
"1177743","1177","2","雨鞋","母婴,童鞋,雨鞋"
"1281784","1281","2","烟盒","礼品箱包,火机烟具,烟盒"
"1282","12","1","婚庆","礼品箱包,婚庆"
"1386820","1386","2","肉干肉脯","食品饮料、保健食品,休闲食品,肉干肉脯"
"1387831","1387","2","方便食品","食品饮料、保健食品,粮油调味,方便食品"
"1389840","1389","2","月饼","食品饮料、保健食品,食品礼券,月饼"
"1492867","1492","2","发簪","珠宝,发饰,发簪"
"1496887","1496","2","银手链/脚链","珠宝,银饰,银手链/脚链"
"1497894","1497","2","钻石项链/吊坠","珠宝,钻石,钻石项链/吊坠"
"1499905","1499","2","戒指","珠宝,水晶玛瑙,戒指"
"14104936","14104","2","菩提","珠宝,木手串/把件,菩提"
"15107957","15107","2","汽车喇叭","汽车用品,维修保养,汽车喇叭"
"15107980","15107","2","蓄电池","汽车用品,维修保养,蓄电池"
"15107994","15107","2","胶带/双面胶","汽车用品,维修保养,胶带/双面胶"
"15107996","15107","2","检修灯","汽车用品,维修保养,检修灯"
"151081003","15108","2","倒车雷达","汽车用品,车载电器,倒车雷达"
"151081017","15108","2","HUD抬头显示","汽车用品,车载电器,HUD抬头显示"
"15110","15","1","汽车装饰","汽车用品,汽车装饰"
"151101094","15110","2","车用衣服架","汽车用品,汽车装饰,车用衣服架"
"151121141","15112","2","清洗美容","汽车用品,汽车服务,清洗美容"
"161151178","16115","2","运动内衣","运动健康,运动服饰,运动内衣"
"161161180","16116","2","国际象棋","运动健康,棋牌麻将,国际象棋"
"161171200","16117","2","轮滑包","运动健康,轮滑滑板,轮滑包"
"161171202","16117","2","长板","运动健康,轮滑滑板,长板"
"161201236","16120","2","男士泳衣","运动健康,游泳用品,男士泳衣"
"161211240","16121","2","私教培训","运动健康,体育服务,私教培训"
"161231268","16123","2","运动发带","运动健康,运动护具,运动发带"
"161251316","16125","2","其他马术装备","运动健康,马术/民俗运动,其他马术装备"
"161251317","16125","2","舞狮","运动健康,马术/民俗运动,舞狮"
"161251323","16125","2","龙舟服","运动健康,马术/民俗运动,龙舟服"
"161271350","16127","2","滑雪头盔","运动健康,滑雪运动,滑雪头盔"
"161291378","16129","2","睡袋/吊床","运动健康,户外装备,睡袋/吊床"
"161291379","16129","2","登山攀岩","运动健康,户外装备,登山攀岩"
"161301395","16130","2","划船机","运动健康,健身训练,划船机"
"161301402","16130","2","健腹轮","运动健康,健身训练,健腹轮"
"161301409","16130","2","杠铃","运动健康,健身训练,杠铃"
"161301420","16130","2","哑铃凳","运动健康,健身训练,哑铃凳"
"161311490","16131","2","乒乓球挡板","运动健康,体育用品,乒乓球挡板"
"161311498","16131","2","乒乓球胶水","运动健康,体育用品,乒乓球胶水"
"161311511","16131","2","羽毛球包","运动健康,体育用品,羽毛球包"
"161311512","16131","2","羽毛球线","运动健康,体育用品,羽毛球线"
"161311515","16131","2","羽毛球鞋","运动健康,体育用品,羽毛球鞋"
"161311526","16131","2","网球鞋","运动健康,体育用品,网球鞋"
"171431610","17143","2","其它乐器配件","玩具乐器,乐器配件,其它乐器配件"
"171441619","17144","2","其它民族吹奏乐器","玩具乐器,民族吹奏乐器,其它民族吹奏乐器"
"171461628","17146","2","古筝","玩具乐器,民族弹拨乐器,古筝"
"171461629","17146","2","柳琴","玩具乐器,民族弹拨乐器,柳琴"
"171491651","17149","2","口琴","玩具乐器,西洋管乐器,口琴"
"171511672","17151","2","钢琴","玩具乐器,键盘乐器,钢琴"
"171521679","17152","2","启蒙乐器","玩具乐器,教学乐器,启蒙乐器"
"171641734","17164","2","爬行垫/毯","玩具乐器,健身架/爬行学步玩具,爬行垫/毯"
"181711760","18171","2","度假","彩票、旅行、充值、票务,旅行,度假"
"191751779","19175","2","芒果","生鲜,水果,芒果"
"191761808","19176","2","其它肉类","生鲜,猪牛羊肉,其它肉类"
"191791830","19179","2","其他西点","生鲜,面点烘焙,其他西点"
"05","0","1","人文社科","图书、音像、电子书刊,人文社科"
"0632","06","2","经济","图书、音像、电子书刊,经管励志,经济"
"11470","114","2","手机耳机","手机,手机配件,手机耳机"
"11479","114","2","手机饰品","手机,手机配件,手机饰品"
"2",,"0","家用电器",
"219119","219","2","咖啡机","家用电器,厨房小电,咖啡机"
"221166","221","2","理发器","家用电器,个护健康,理发器"
"221176","221","2","潮流护理电器","家用电器,个护健康,潮流护理电器"
"222212","222","2","其它商用电器","家用电器,商用电器,其它商用电器"
"326247","326","2","影棚器材","数码,摄影摄像,影棚器材"
"328263","328","2","VR眼镜","数码,智能设备,VR眼镜"
"434297","434","2","缝纫/针织材料","家居家装,生活日用,缝纫/针织材料"
"538331","538","2","CPU","电脑办公,电脑组件,CPU"
"539","5","1","外设产品","电脑办公,外设产品"
"539356","539","2","线缆","电脑办公,外设产品,线缆"
"541367","541","2","路由器","电脑办公,网络产品,路由器"
"654459","654","2","茶盘茶托","厨具,茶具,茶盘茶托"
"654461","654","2","茶具配件","厨具,茶具,茶具配件"
"654465","654","2","盖碗","厨具,茶具,盖碗"
"655472","655","2","咖啡具配件","厨具,咖啡具,咖啡具配件"
"758509","758","2","爽肤水/化妆水","个护化妆,面部护肤,爽肤水/化妆水"
"759527","759","2","男士彩妆","个护化妆,香水彩妆,男士彩妆"
"860548","860","2","羽绒服","服饰内衣,女装,羽绒服"
"861569","861","2","卫衣","服饰内衣,男装,卫衣"
"861573","861","2","毛呢大衣","服饰内衣,男装,毛呢大衣"
"862606","862","2","文胸套装","服饰内衣,内衣,文胸套装"
"965645","965","2","欧美表","钟表,腕表,欧美表"
"1069655","1069","2","休闲鞋","鞋靴,流行男鞋,休闲鞋"
"1173700","1173","2","电动车","母婴,童车童床,电动车"
"1174","11","1","妈妈专区","母婴,妈妈专区"
"1175731","1175","2","棉服","母婴,童装,棉服"
"1175732","1175","2","连体衣/爬服","母婴,童装,连体衣/爬服"
"1177745","1177","2","拖鞋","母婴,童鞋,拖鞋"
"1281779","1281","2","电子烟","礼品箱包,火机烟具,电子烟"
"1282786","1282","2","婚纱礼服","礼品箱包,婚庆,婚纱礼服"
"1384802","1384","2","水","食品饮料、保健食品,进口食品,水"
"1385812","1385","2","福建","食品饮料、保健食品,地方特产,福建"
"1388833","1388","2","饮用水","食品饮料、保健食品,饮料冲调,饮用水"
"1497895","1497","2","钻石耳饰","珠宝,钻石,钻石耳饰"
"1499904","1499","2","手镯/手链/脚链","珠宝,水晶玛瑙,手镯/手链/脚链"
"1499907","1499","2","摆件/挂件","珠宝,水晶玛瑙,摆件/挂件"
"14106","14","1","合成/人造宝石","珠宝,合成/人造宝石"
"14106947","14106","2","莫桑石","珠宝,合成/人造宝石,莫桑石"
"15107952","15107","2","刹车油","汽车用品,维修保养,刹车油"
"15107958","15107","2","刹车泵","汽车用品,维修保养,刹车泵"
"15107995","15107","2","汽车维修设备","汽车用品,维修保养,汽车维修设备"
"151091039","15109","2","洗车水枪/枪头","汽车用品,美容清洗,洗车水枪/枪头"
"151091040","15109","2","洗车毛巾","汽车用品,美容清洗,洗车毛巾"
"151101047","15110","2","汽车炭包","汽车用品,汽车装饰,汽车炭包"
"151101054","15110","2","汽车装饰灯","汽车用品,汽车装饰,汽车装饰灯"
"151101067","15110","2","车载烟灰缸","汽车用品,汽车装饰,车载烟灰缸"
"151101073","15110","2","后备箱垫","汽车用品,汽车装饰,后备箱垫"
"151111108","15111","2","灭火器","汽车用品,安全自驾,灭火器"
"151111123","15111","2","摩托车风镜","汽车用品,安全自驾,摩托车风镜"
"151121142","15112","2","更换轮胎","汽车用品,汽车服务,更换轮胎"
"161161196","16116","2","中国象棋","运动健康,棋牌麻将,中国象棋"
"161191228","16119","2","钓鱼配件","运动健康,垂钓用品,钓鱼配件"
"161231251","16123","2","运动护膝","运动健康,运动护具,运动护膝"
"161241278","16124","2","广场舞服","运动健康,瑜伽舞蹈,广场舞服"
"161241294","16124","2","瑜伽柱","运动健康,瑜伽舞蹈,瑜伽柱"
"161251319","16125","2","毽子","运动健康,马术/民俗运动,毽子"
"161261332","16126","2","花样滑冰服","运动健康,冰上运动,花样滑冰服"
"161271345","16127","2","滑雪裤","运动健康,滑雪运动,滑雪裤"
"16128","16","1","户外鞋服","运动健康,户外鞋服"
"161281375","16128","2","军迷鞋靴","运动健康,户外鞋服,军迷鞋靴"
"161291384","16129","2","户外仪表","运动健康,户外装备,户外仪表"
"16131","16","1","体育用品","运动健康,体育用品"
"161311457","16131","2","台尼/台球布","运动健康,体育用品,台尼/台球布"
"161311465","16131","2","接力棒","运动健康,体育用品,接力棒"
"161311470","16131","2","跳高架","运动健康,体育用品,跳高架"
"161311475","16131","2","其他排球装备","运动健康,体育用品,其他排球装备"
"161311500","16131","2","足球护腿板","运动健康,体育用品,足球护腿板"
"161311506","16131","2","裁判用品","运动健康,体育用品,裁判用品"
"161311536","16131","2","篮球包","运动健康,体育用品,篮球包"
"161311537","16131","2","篮球框","运动健康,体育用品,篮球框"
"161311538","16131","2","羽毛球拍","运动健康,体育用品,羽毛球拍"
"171321550","17132","2","遥控船","玩具乐器,遥控/电动玩具,遥控船"
"171331557","17133","2","人物玩偶公仔","玩具乐器,毛绒布艺,人物玩偶公仔"
"171351563","17135","2","建筑/DIY小屋","玩具乐器,静态模型,建筑/DIY小屋"
"171381584","17138","2","早教盒子/套装","玩具乐器,早教/智能玩具,早教盒子/套装"
"171401597","17140","2","儿童沙画/胶画刮画","玩具乐器,绘画/DIY,儿童沙画/胶画刮画"
"171441611","17144","2","巴乌","玩具乐器,民族吹奏乐器,巴乌"
"171471637","17147","2","板胡","玩具乐器,民族拉弦乐器,板胡"
"171501670","17150","2","尤克里里","玩具乐器,西洋弦乐器,尤克里里"
"171531685","17153","2","电路开关玩具","玩具乐器,STEAM教玩具,电路开关玩具"
"171541694","17154","2","摇铃","玩具乐器,响铃/安抚玩具,摇铃"
"171631725","17163","2","游艺机","玩具乐器,户外玩具/游乐设施,游艺机"
"171631728","17163","2","隧道/钻洞","玩具乐器,户外玩具/游乐设施,隧道/钻洞"
"171631729","17163","2","吹泡泡","玩具乐器,户外玩具/游乐设施,吹泡泡"
"181681751","18168","2","排列五","彩票、旅行、充值、票务,彩票,排列五"
"181681755","18168","2","竞彩篮球","彩票、旅行、充值、票务,彩票,竞彩篮球"
"181741770","18174","2","话剧歌剧","彩票、旅行、充值、票务,票务,话剧歌剧"
"19175","19","1","水果","生鲜,水果"
"191751800","19175","2","荔枝","生鲜,水果,荔枝"
"191771813","19177","2","海参","生鲜,海鲜水产,海参"
"201831848","20183","2","紧凑型轿车","整车,传统乘用车,紧凑型轿车"
"029","02","2","英语学习与考试","图书、音像、电子书刊,英文原版,英语学习与考试"
"0313","03","2","小说","图书、音像、电子书刊,文艺,小说"
"0421","04","2","7-10岁","图书、音像、电子书刊,少儿,7-10岁"
"07","0","1","生活","图书、音像、电子书刊,生活"
"0846","08","2","计算机与互联网","图书、音像、电子书刊,科技,计算机与互联网"
"11365","113","2","办套餐","手机,运营商,办套餐"
"222197","222","2","制冰机","家用电器,商用电器,制冰机"
"223220","223","2","家电安装","家用电器,家电服务,家电安装"
"225231","225","2","播放器/DVD","家用电器,视听影音,播放器/DVD"
"3",,"0","数码",
"326","3","1","摄影摄像","数码,摄影摄像"
"332","3","1","数码维修","数码,数码维修"
"434300","434","2","浴室用品","家居家装,生活日用,浴室用品"
"538346","538","2","显示器支架","电脑办公,电脑组件,显示器支架"
"540364","540","2","手柄/方向盘","电脑办公,游戏设备,手柄/方向盘"
"543397","543","2","画具画材","电脑办公,文具,画具画材"
"648417","648","2","奶锅","厨具,烹饪锅具,奶锅"
"649427","649","2","多功能刀","厨具,刀剪菜板,多功能刀"
"651437","651","2","运动水壶","厨具,水具酒具,运动水壶"
"756485","756","2","套装/礼盒","个护化妆,男士面部护肤,套装/礼盒"
"757488","757","2","双眼皮贴","个护化妆,美妆工具,双眼皮贴"
"758505","758","2","唇膜/唇部精华","个护化妆,面部护肤,唇膜/唇部精华"
"759","7","1","香水彩妆","个护化妆,香水彩妆"
"860545","860","2","毛呢大衣","服饰内衣,女装,毛呢大衣"
"860555","860","2","吊带/背心","服饰内衣,女装,吊带/背心"
"861592","861","2","男装套装","服饰内衣,男装,男装套装"
"862612","862","2","打底衫","服饰内衣,内衣,打底衫"
"965646","965","2","德表","钟表,腕表,德表"
"1069656","1069","2","凉鞋/沙滩鞋","鞋靴,流行男鞋,凉鞋/沙滩鞋"
"1069658","1069","2","功能鞋","鞋靴,流行男鞋,功能鞋"
"1172690","1172","2","拉拉裤","母婴,尿裤湿巾,拉拉裤"
"1173695","1173","2","婴幼儿餐椅","母婴,童车童床,婴幼儿餐椅"
"1173703","1173","2","婴儿床垫","母婴,童车童床,婴儿床垫"
"1175723","1175","2","卫衣","母婴,童装,卫衣"
"1280","12","1","奢侈品","礼品箱包,奢侈品"
"1280777","1280","2","名品腕表","礼品箱包,奢侈品,名品腕表"
"1388834","1388","2","饮料","食品饮料、保健食品,饮料冲调,饮料"
"14101917","14101","2","和田玉吊坠","珠宝,和田玉,和田玉吊坠"
"14101920","14101","2","和田玉戒指","珠宝,和田玉,和田玉戒指"
"14102924","14102","2","铂金手镯/手链/脚链","珠宝,铂金,铂金手镯/手链/脚链"
"14106948","14106","2","合成红/蓝宝石","珠宝,合成/人造宝石,合成红/蓝宝石"
"15107950","15107","2","汽机油","汽车用品,维修保养,汽机油"
"15107977","15107","2","轮毂","汽车用品,维修保养,轮毂"
"15109","15","1","美容清洗","汽车用品,美容清洗"
"151091028","15109","2","补漆笔","汽车用品,美容清洗,补漆笔"
"151091029","15109","2","防雾剂/驱水剂","汽车用品,美容清洗,防雾剂/驱水剂"
"151091042","15109","2","洗车海绵","汽车用品,美容清洗,洗车海绵"
"151101057","15110","2","摆件","汽车用品,汽车装饰,摆件"
"151111114","15111","2","防盗设备","汽车用品,安全自驾,防盗设备"
"151111124","15111","2","摩托车护具","汽车用品,安全自驾,摩托车护具"
"151121144","15112","2","换刹车片","汽车用品,汽车服务,换刹车片"
"151131153","15113","2","内外饰改装","汽车用品,赛事改装,内外饰改装"
"161151176","16115","2","毛衫/线衫","运动健康,运动服饰,毛衫/线衫"
"161171198","16117","2","双排轮滑鞋","运动健康,轮滑滑板,双排轮滑鞋"
"161251311","16125","2","马术鞭","运动健康,马术/民俗运动,马术鞭"
"161261325","16126","2","速滑冰刀鞋","运动健康,冰上运动,速滑冰刀鞋"
"161261340","16126","2","冰球头盔","运动健康,冰上运动,冰球头盔"
"161281370","16128","2","休闲鞋","运动健康,户外鞋服,休闲鞋"
"161301400","16130","2","跳绳","运动健康,健身训练,跳绳"
"161301418","16130","2","EMS健身仪","运动健康,健身训练,EMS健身仪"
"161311432","16131","2","高尔夫鞋","运动健康,体育用品,高尔夫鞋"
"161311453","16131","2","台球杆盒/杆筒","运动健康,体育用品,台球杆盒/杆筒"
"161311461","16131","2","巧粉夹/巧粉袋","运动健康,体育用品,巧粉夹/巧粉袋"
"161311463","16131","2","球杆加长器","运动健康,体育用品,球杆加长器"
"161311518","16131","2","羽毛球网","运动健康,体育用品,羽毛球网"
"161311534","16131","2","其他篮球装备","运动健康,体育用品,其他篮球装备"
"171331556","17133","2","靠垫/抱枕","玩具乐器,毛绒布艺,靠垫/抱枕"
"171371580","17137","2","悠悠球/溜溜球","玩具乐器,潮玩/动漫,悠悠球/溜溜球"
"17146","17","1","民族弹拨乐器","玩具乐器,民族弹拨乐器"
"171461634","17146","2","扬琴","玩具乐器,民族弹拨乐器,扬琴"
"171481647","17148","2","军鼓","玩具乐器,西洋打击乐器,军鼓"
"171481649","17148","2","卡洪鼓/箱鼓","玩具乐器,西洋打击乐器,卡洪鼓/箱鼓"
"171501665","17150","2","低音/倍大提琴","玩具乐器,西洋弦乐器,低音/倍大提琴"
"171611716","17161","2","儿童变形玩具","玩具乐器,儿童变形玩具,儿童变形玩具"
"171631721","17163","2","儿童玩具球","玩具乐器,户外玩具/游乐设施,儿童玩具球"
"181681754","18168","2","竞彩足球","彩票、旅行、充值、票务,彩票,竞彩足球"
"18174","18","1","票务","彩票、旅行、充值、票务,票务"
"191751803","19175","2","木瓜","生鲜,水果,木瓜"
"191811837","19181","2","火锅丸料","生鲜,速食熟食,火锅丸料"
"201831846","20183","2","微型轿车","整车,传统乘用车,微型轿车"
"201831847","20183","2","小型轿车","整车,传统乘用车,小型轿车"
"201831853","20183","2","SUV","整车,传统乘用车,SUV"
"201841858","20184","2","中型轿车（二手）","整车,二手车,中型轿车（二手）"
"201841860","20184","2","大型轿车（二手）","整车,二手车,大型轿车（二手）"
"201851866","20185","2","纯电动汽车","整车,新能源汽车,纯电动汽车"
"0529","05","2","心理学","图书、音像、电子书刊,人文社科,心理学"
"0841","08","2","工业技术","图书、音像、电子书刊,科技,工业技术"
"01159","011","2","套装书","图书、音像、电子书刊,其他,套装书"
"11689","116","2","手机保险","手机,手机服务,手机保险"
"21796","217","2","冰箱","家用电器,大 家 电,冰箱"
"218112","218","2","太阳能热水器","家用电器,厨卫大电,太阳能热水器"
"219126","219","2","电炖锅","家用电器,厨房小电,电炖锅"
"221162","221","2","剃/脱毛器","家用电器,个护健康,剃/脱毛器"
"221165","221","2","美容器","家用电器,个护健康,美容器"
"222181","222","2","商用磨浆机","家用电器,商用电器,商用磨浆机"
"224225","224","2","冰箱配件","家用电器,家电配件,冰箱配件"
"225236","225","2","回音壁/Soundbar","家用电器,视听影音,回音壁/Soundbar"
"326239","326","2","数码相机","数码,摄影摄像,数码相机"
"327250","327","2","存储卡","数码,数码配件,存储卡"
"328265","328","2","健康监测","数码,智能设备,健康监测"
"436316","436","2","宠物主粮","家居家装,宠物生活,宠物主粮"
"539359","539","2","游戏设备","电脑办公,外设产品,游戏设备"
"542387","542","2","工业安防监控","电脑办公,办公设备,工业安防监控"
"542388","542","2","白板","电脑办公,办公设备,白板"
"543398","543","2","文房四宝","电脑办公,文具,文房四宝"
"546406","546","2","平板维修","电脑办公,电脑办公维修,平板维修"
"547","5","1","办公耗材","电脑办公,办公耗材"
"651","6","1","水具酒具","厨具,水具酒具"
"651436","651","2","塑料杯","厨具,水具酒具,塑料杯"
"653453","653","2","自助餐炉","厨具,酒店用品,自助餐炉"
"757487","757","2","假睫毛","个护化妆,美妆工具,假睫毛"
"759523","759","2","粉饼","个护化妆,香水彩妆,粉饼"
"860540","860","2","打底裤","服饰内衣,女装,打底裤"
"860549","860","2","大码女装","服饰内衣,女装,大码女装"
"861587","861","2","加绒裤","服饰内衣,男装,加绒裤"
"864635","864","2","钥匙扣","服饰内衣,服饰配件,钥匙扣"
"1070685","1070","2","内增高","鞋靴,时尚女鞋,内增高"
"1172692","1172","2","成人尿裤","母婴,尿裤湿巾,成人尿裤"
"1177748","1177","2","帆布鞋","母婴,童鞋,帆布鞋"
"1177750","1177","2","凉鞋","母婴,童鞋,凉鞋"
"1279","12","1","礼品","礼品箱包,礼品"
"1279762","1279","2","熏香","礼品箱包,礼品,熏香"
"1280778","1280","2","高档化妆品","礼品箱包,奢侈品,高档化妆品"
"1283791","1283","2","永生花","礼品箱包,鲜花速递,永生花"
"1386819","1386","2","坚果炒货","食品饮料、保健食品,休闲食品,坚果炒货"
"1388837","1388","2","冲饮谷物","食品饮料、保健食品,饮料冲调,冲饮谷物"
"1390854","1390","2","其它茶","食品饮料、保健食品,茗茶,其它茶"
"14",,"0","珠宝",
"15107970","15107","2","车灯辅件","汽车用品,维修保养,车灯辅件"
"151081006","15108","2","车载净化器","汽车用品,车载电器,车载净化器"
"151081008","15108","2","驾驶辅助","汽车用品,车载电器,驾驶辅助"
"151101077","15110","2","车内除味剂","汽车用品,汽车装饰,车内除味剂"
"151101099","15110","2","尾喉","汽车用品,汽车装饰,尾喉"
"151111111","15111","2","GPS定位器","汽车用品,安全自驾,GPS定位器"
"151111120","15111","2","储物箱","汽车用品,安全自驾,储物箱"
"151121147","15112","2","换刹车盘","汽车用品,汽车服务,换刹车盘"
"151121149","15112","2","车险","汽车用品,汽车服务,车险"
"161161184","16116","2","麻将","运动健康,棋牌麻将,麻将"
"161181207","16118","2","折叠车","运动健康,骑行运动,折叠车"
"161181210","16118","2","山地车","运动健康,骑行运动,山地车"
"161201232","16120","2","游泳圈","运动健康,游泳用品,游泳圈"
"161261326","16126","2","速滑服","运动健康,冰上运动,速滑服"
"161271348","16127","2","双板滑雪板","运动健康,滑雪运动,双板滑雪板"
"161311426","16131","2","其他田径用品","运动健康,体育用品,其他田径用品"
"161311429","16131","2","高尔夫挖起杆","运动健康,体育用品,高尔夫挖起杆"
"161311438","16131","2","高尔夫夹克/风衣","运动健康,体育用品,高尔夫夹克/风衣"
"161311449","16131","2","高尔夫球帽","运动健康,体育用品,高尔夫球帽"
"161311496","16131","2","乒乓球集球网","运动健康,体育用品,乒乓球集球网"
"161311519","16131","2","羽毛球袜","运动健康,体育用品,羽毛球袜"
"171321553","17132","2","遥控动物","玩具乐器,遥控/电动玩具,遥控动物"
"171351565","17135","2","船舶/舰艇","玩具乐器,静态模型,船舶/舰艇"
"171381587","17138","2","儿童桌面玩具","玩具乐器,早教/智能玩具,儿童桌面玩具"
"171391593","17139","2","多米诺骨牌","玩具乐器,积木拼插,多米诺骨牌"
"17145","17","1","民族打击乐器","玩具乐器,民族打击乐器"
"171491661","17149","2","圆号","玩具乐器,西洋管乐器,圆号"
"171501668","17150","2","贝斯","玩具乐器,西洋弦乐器,贝斯"
"17152","17","1","教学乐器","玩具乐器,教学乐器"
"171541690","17154","2","不倒翁玩具","玩具乐器,响铃/安抚玩具,不倒翁玩具"
"171561700","17156","2","钓鱼玩具","玩具乐器,串珠/配对玩具,钓鱼玩具"
"18170","18","1","酒店","彩票、旅行、充值、票务,酒店"
"191771815","19177","2","其他水产","生鲜,海鲜水产,其他水产"
"191771820","19177","2","海鲜卡券","生鲜,海鲜水产,海鲜卡券"
"201841864","20184","2","皮卡（二手）","整车,二手车,皮卡（二手）"
"00","0","1","电子书刊","图书、音像、电子书刊,电子书刊"
"02","0","1","英文原版","图书、音像、电子书刊,英文原版"
"0212","02","2","励志","图书、音像、电子书刊,英文原版,励志"
"0419","04","2","0-2岁","图书、音像、电子书刊,少儿,0-2岁"
"0847","08","2","电子通信","图书、音像、电子书刊,科技,电子通信"
"0951","09","2","大中专教材","图书、音像、电子书刊,教育,大中专教材"
"219128","219","2","电饼铛","家用电器,厨房小电,电饼铛"
"220149","220","2","清洁机","家用电器,生活电器,清洁机"
"220156","220","2","饮水机","家用电器,生活电器,饮水机"
"220160","220","2","电暖桌","家用电器,生活电器,电暖桌"
"221163","221","2","电动牙刷","家用电器,个护健康,电动牙刷"
"221169","221","2","按摩器","家用电器,个护健康,按摩器"
"222179","222","2","商用烤箱","家用电器,商用电器,商用烤箱"
"222182","222","2","封口/封杯机","家用电器,商用电器,封口/封杯机"
"222194","222","2","展示柜","家用电器,商用电器,展示柜"
"222209","222","2","商用咖啡机","家用电器,商用电器,商用咖啡机"
"327251","327","2","读卡器","数码,数码配件,读卡器"
"328261","328","2","智能手环","数码,智能设备,智能手环"
"4",,"0","家居家装",
"433","4","1","收纳用品","家居家装,收纳用品"
"433290","433","2","收纳柜","家居家装,收纳用品,收纳柜"
"433293","433","2","收纳架/篮","家居家装,收纳用品,收纳架/篮"
"434296","434","2","上门除醛","家居家装,生活日用,上门除醛"
"435307","435","2","手工/十字绣","家居家装,家装软饰,手工/十字绣"
"538","5","1","电脑组件","电脑办公,电脑组件"
"547407","547","2","刻录碟片","电脑办公,办公耗材,刻录碟片"
"648413","648","2","平底锅/煎锅","厨具,烹饪锅具,平底锅/煎锅"
"649424","649","2","刀具套装","厨具,刀剪菜板,刀具套装"
"650429","650","2","烘焙/烧烤","厨具,厨房配件,烘焙/烧烤"
"652447","652","2","碗","厨具,餐具,碗"
"653455","653","2","酒店水具","厨具,酒店用品,酒店水具"
"655466","655","2","咖啡杯","厨具,咖啡具,咖啡杯"
"860542","860","2","小西装","服饰内衣,女装,小西装"
"860551","860","2","婚纱","服饰内衣,女装,婚纱"
"861582","861","2","大码男装","服饰内衣,男装,大码男装"
"861586","861","2","真皮皮衣","服饰内衣,男装,真皮皮衣"
"862","8","1","内衣","服饰内衣,内衣"
"864","8","1","服饰配件","服饰内衣,服饰配件"
"1069659","1069","2","拖鞋/人字拖","鞋靴,流行男鞋,拖鞋/人字拖"
"1069662","1069","2","鞋配件","鞋靴,流行男鞋,鞋配件"
"1070671","1070","2","女靴","鞋靴,时尚女鞋,女靴"
"1173694","1173","2","婴儿推车","母婴,童车童床,婴儿推车"
"1173704","1173","2","儿童摇椅","母婴,童车童床,儿童摇椅"
"1175721","1175","2","毛衣/针织衫","母婴,童装,毛衣/针织衫"
"1175722","1175","2","衬衫","母婴,童装,衬衫"
"1176740","1176","2","提篮式","母婴,安全座椅,提篮式"
"1177","11","1","童鞋","母婴,童鞋"
"1384","13","1","进口食品","食品饮料、保健食品,进口食品"
"1384806","1384","2","方便食品","食品饮料、保健食品,进口食品,方便食品"
"1385807","1385","2","其他特产","食品饮料、保健食品,地方特产,其他特产"
"1492868","1492","2","发饰套装","珠宝,发饰,发饰套装"
"1499","14","1","水晶玛瑙","珠宝,水晶玛瑙"
"14102922","14102","2","铂金项链","珠宝,铂金,铂金项链"
"14105","14","1","珍珠","珠宝,珍珠"
"15107949","15107","2","刹车盘/鼓","汽车用品,维修保养,刹车盘/鼓"
"15107984","15107","2","摩托车机油","汽车用品,维修保养,摩托车机油"
"151081020","15108","2","汽车充电装备","汽车用品,车载电器,汽车充电装备"
"151091027","15109","2","车用掸子","汽车用品,美容清洗,车用掸子"
"151101059","15110","2","雨眉","汽车用品,汽车装饰,雨眉"
"151101080","15110","2","车身装饰件","汽车用品,汽车装饰,车身装饰件"
"15113","15","1","赛事改装","汽车用品,赛事改装"
"161151173","16115","2","套装","运动健康,运动服饰,套装"
"161161185","16116","2","川牌","运动健康,棋牌麻将,川牌"
"161181217","16118","2","电动车零配件","运动健康,骑行运动,电动车零配件"
"161201235","16120","2","女士泳衣","运动健康,游泳用品,女士泳衣"
"161221245","16122","2","空手道","运动健康,武术搏击,空手道"
"161241289","16124","2","其他舞蹈鞋","运动健康,瑜伽舞蹈,其他舞蹈鞋"
"161241296","16124","2","瑜伽铺巾","运动健康,瑜伽舞蹈,瑜伽铺巾"
"161241306","16124","2","其他舞蹈配件","运动健康,瑜伽舞蹈,其他舞蹈配件"
"16125","16","1","马术/民俗运动","运动健康,马术/民俗运动"
"161251308","16125","2","马术头盔","运动健康,马术/民俗运动,马术头盔"
"161281357","16128","2","速干衣裤","运动健康,户外鞋服,速干衣裤"
"161281372","16128","2","溯溪鞋","运动健康,户外鞋服,溯溪鞋"
"161301397","16130","2","倒立机","运动健康,健身训练,倒立机"
"161301398","16130","2","哑铃","运动健康,健身训练,哑铃"
"161301404","16130","2","健身车","运动健康,健身训练,健身车"
"161311424","16131","2","壁球拍","运动健康,体育用品,壁球拍"
"161311434","16131","2","高尔夫运动裤","运动健康,体育用品,高尔夫运动裤"
"161311436","16131","2","高尔夫羽绒服","运动健康,体育用品,高尔夫羽绒服"
"161311448","16131","2","高尔夫模拟器","运动健康,体育用品,高尔夫模拟器"
"161311468","16131","2","起跑器","运动健康,体育用品,起跑器"
"161311504","16131","2","足球战术板","运动健康,体育用品,足球战术板"
"161311522","16131","2","网球","运动健康,体育用品,网球"
"171451624","17145","2","锣","玩具乐器,民族打击乐器,锣"
"171451626","17145","2","其它民族打击乐器","玩具乐器,民族打击乐器,其它民族打击乐器"
"171501666","17150","2","小提琴","玩具乐器,西洋弦乐器,小提琴"
"171531680","17153","2","水动力玩具","玩具乐器,STEAM教玩具,水动力玩具"
"171601715","17160","2","直升机","玩具乐器,油动/电动模型,直升机"
"171631719","17163","2","游戏屋","玩具乐器,户外玩具/游乐设施,游戏屋"
"191751785","19175","2","牛油果","生鲜,水果,牛油果"
"19178","19","1","禽肉蛋品","生鲜,禽肉蛋品"
"201831851","20183","2","大型轿车","整车,传统乘用车,大型轿车"
"0523","05","2","历史","图书、音像、电子书刊,人文社科,历史"
"06","0","1","经管励志","图书、音像、电子书刊,经管励志"
"01157","011","2","工具书","图书、音像、电子书刊,其他,工具书"
"11260","112","2","手机","手机,手机,手机"
"114","1","1","手机配件","手机,手机配件"
"11483","114","2","手机屏幕","手机,手机配件,手机屏幕"
"219139","219","2","绞肉机","家用电器,厨房小电,绞肉机"
"222193","222","2","商用绞肉机/切肉机","家用电器,商用电器,商用绞肉机/切肉机"
"224229","224","2","厨房小电配件","家用电器,家电配件,厨房小电配件"
"225238","225","2","麦克风","家用电器,视听影音,麦克风"
"326248","326","2","冲印服务","数码,摄影摄像,冲印服务"
"436322","436","2","洗护美容","家居家装,宠物生活,洗护美容"
"538334","538","2","硬盘","电脑办公,电脑组件,硬盘"
"539352","539","2","摄像头","电脑办公,外设产品,摄像头"
"539353","539","2","手写板","电脑办公,外设产品,手写板"
"539358","539","2","电脑工具","电脑办公,外设产品,电脑工具"
"542","5","1","办公设备","电脑办公,办公设备"
"648419","648","2","砂锅","厨具,烹饪锅具,砂锅"
"756","7","1","男士面部护肤","个护化妆,男士面部护肤"
"758506","758","2","T区护理","个护化妆,面部护肤,T区护理"
"759514","759","2","口红","个护化妆,香水彩妆,口红"
"759515","759","2","美甲产品","个护化妆,香水彩妆,美甲产品"
"759517","759","2","彩妆套装","个护化妆,香水彩妆,彩妆套装"
"860532","860","2","针织衫","服饰内衣,女装,针织衫"
"860563","860","2","女装套装","服饰内衣,女装,女装套装"
"862596","862","2","睡衣/家居服","服饰内衣,内衣,睡衣/家居服"
"862597","862","2","塑身美体","服饰内衣,内衣,塑身美体"
"864615","864","2","太阳镜","服饰内衣,服饰配件,太阳镜"
"864627","864","2","男士丝巾/围巾","服饰内衣,服饰配件,男士丝巾/围巾"
"864633","864","2","防晒手套","服饰内衣,服饰配件,防晒手套"
"1070684","1070","2","松糕鞋","鞋靴,时尚女鞋,松糕鞋"
"1172","11","1","尿裤湿巾","母婴,尿裤湿巾"
"1173702","1173","2","滑板车","母婴,童车童床,滑板车"
"1173705","1173","2","儿童滑步车","母婴,童车童床,儿童滑步车"
"1174708","1174","2","文胸/内裤","母婴,妈妈专区,文胸/内裤"
"1174711","1174","2","孕期营养","母婴,妈妈专区,孕期营养"
"1175","11","1","童装","母婴,童装"
"1175718","1175","2","旗袍唐装/民族服装","母婴,童装,旗袍唐装/民族服装"
"1175729","1175","2","校服/校服定制","母婴,童装,校服/校服定制"
"1280771","1280","2","服饰","礼品箱包,奢侈品,服饰"
"1386817","1386","2","熟食腊味","食品饮料、保健食品,休闲食品,熟食腊味"
"1386818","1386","2","休闲零食","食品饮料、保健食品,休闲食品,休闲零食"
"1388836","1388","2","咖啡/奶茶","食品饮料、保健食品,饮料冲调,咖啡/奶茶"
"1390850","1390","2","花果茶","食品饮料、保健食品,茗茶,花果茶"
"1491","14","1","时尚饰品","珠宝,时尚饰品"
"1493877","1493","2","黄金戒指","珠宝,黄金,黄金戒指"
"1494","14","1","K金饰品","珠宝,K金饰品"
"14104933","14104","2","黄花梨","珠宝,木手串/把件,黄花梨"
"15107987","15107","2","点火线圈","汽车用品,维修保养,点火线圈"
"15107988","15107","2","高压线","汽车用品,维修保养,高压线"
"15107991","15107","2","水泵","汽车用品,维修保养,水泵"
"151091023","15109","2","隐形车衣","汽车用品,美容清洗,隐形车衣"
"151101058","15110","2","后视镜/圆镜","汽车用品,汽车装饰,后视镜/圆镜"
"151101097","15110","2","挡泥板","汽车用品,汽车装饰,挡泥板"
"151111110","15111","2","方向盘锁","汽车用品,安全自驾,方向盘锁"
"151111113","15111","2","车载床","汽车用品,安全自驾,车载床"
"161161192","16116","2","抽奖转盘","运动健康,棋牌麻将,抽奖转盘"
"161171203","16117","2","漂移板","运动健康,轮滑滑板,漂移板"
"161181213","16118","2","骑行服","运动健康,骑行运动,骑行服"
"161221248","16122","2","摔跤","运动健康,武术搏击,摔跤"
"161241274","16124","2","瑜伽服外套","运动健康,瑜伽舞蹈,瑜伽服外套"
"161241304","16124","2","其他瑜伽用品","运动健康,瑜伽舞蹈,其他瑜伽用品"
"161261327","16126","2","速滑头盔","运动健康,冰上运动,速滑头盔"
"161281367","16128","2","雪地靴","运动健康,户外鞋服,雪地靴"
"161291386","16129","2","户外工具","运动健康,户外装备,户外工具"
"161301412","16130","2","律动机","运动健康,健身训练,律动机"
"161301417","16130","2","筋膜枪","运动健康,健身训练,筋膜枪"
"161301422","16130","2","跑步机","运动健康,健身训练,跑步机"
"161311455","16131","2","防滑粉","运动健康,体育用品,防滑粉"
"161311459","16131","2","台球手套","运动健康,体育用品,台球手套"
"161311480","16131","2","橄榄球头盔","运动健康,体育用品,橄榄球头盔"
"161311495","16131","2","乒乓球网/架","运动健康,体育用品,乒乓球网/架"
"161311528","16131","2","网球网架","运动健康,体育用品,网球网架"
"171321551","17132","2","机器人","玩具乐器,遥控/电动玩具,机器人"
"171331555","17133","2","动物玩偶公仔","玩具乐器,毛绒布艺,动物玩偶公仔"
"171351570","17135","2","木偶/关节木偶","玩具乐器,静态模型,木偶/关节木偶"
"17147","17","1","民族拉弦乐器","玩具乐器,民族拉弦乐器"
"17149","17","1","西洋管乐器","玩具乐器,西洋管乐器"
"171491658","17149","2","竖笛","玩具乐器,西洋管乐器,竖笛"
"171501664","17150","2","大提琴","玩具乐器,西洋弦乐器,大提琴"
"171511676","17151","2","电钢琴","玩具乐器,键盘乐器,电钢琴"
"17155","17","1","拆装/敲打玩具","玩具乐器,拆装/敲打玩具"
"171621718","17162","2","电动声光玩具枪","玩具乐器,儿童玩具枪,电动声光玩具枪"
"171631730","17163","2","跳跳/跳跃玩具","玩具乐器,户外玩具/游乐设施,跳跳/跳跃玩具"
"191751777","19175","2","奇异果/猕猴桃","生鲜,水果,奇异果/猕猴桃"
"191751789","19175","2","柠檬","生鲜,水果,柠檬"
"191751792","19175","2","水果礼盒/券","生鲜,水果,水果礼盒/券"
"191751795","19175","2","百香果","生鲜,水果,百香果"
"191751798","19175","2","更多水果","生鲜,水果,更多水果"
"19176","19","1","猪牛羊肉","生鲜,猪牛羊肉"
"201841862","20184","2","SUV（二手）","整车,二手车,SUV（二手）"
"000","00","2","电子书","图书、音像、电子书刊,电子书刊,电子书"
"04","0","1","少儿","图书、音像、电子书刊,少儿"
"11364","113","2","办号卡","手机,运营商,办号卡"
"115","1","1","对讲机","手机,对讲机"
"219114","219","2","面条机","家用电器,厨房小电,面条机"
"219115","219","2","榨汁机/原汁机","家用电器,厨房小电,榨汁机/原汁机"
"220","2","1","生活电器","家用电器,生活电器"
"220150","220","2","除湿机","家用电器,生活电器,除湿机"
"222199","222","2","扒炉","家用电器,商用电器,扒炉"
"222204","222","2","饮料机","家用电器,商用电器,饮料机"
"328","3","1","智能设备","数码,智能设备"
"330282","330","2","录音笔","数码,电子教育,录音笔"
"330283","330","2","电纸书","数码,电子教育,电纸书"
"537","5","1","电脑整机","电脑办公,电脑整机"
"537330","537","2","一体机","电脑办公,电脑整机,一体机"
"542378","542","2","验钞/点钞机","电脑办公,办公设备,验钞/点钞机"
"543","5","1","文具","电脑办公,文具"
"650431","650","2","饭盒/提锅","厨具,厨房配件,饭盒/提锅"
"651443","651","2","杯具套装","厨具,水具酒具,杯具套装"
"652451","652","2","盘/碟","厨具,餐具,盘/碟"
"756473","756","2","剃须","个护化妆,男士面部护肤,剃须"
"757491","757","2","睫毛夹","个护化妆,美妆工具,睫毛夹"
"758502","758","2","卸妆","个护化妆,面部护肤,卸妆"
"759516","759","2","眼线笔/眼线液","个护化妆,香水彩妆,眼线笔/眼线液"
"860541","860","2","正装裤","服饰内衣,女装,正装裤"
"861589","861","2","短裤","服饰内衣,男装,短裤"
"1069653","1069","2","商务休闲鞋","鞋靴,流行男鞋,商务休闲鞋"
"1070667","1070","2","高跟鞋","鞋靴,时尚女鞋,高跟鞋"
"1173698","1173","2","三轮车","母婴,童车童床,三轮车"
"1174716","1174","2","孕产妇鞋帽袜","母婴,妈妈专区,孕产妇鞋帽袜"
"1279765","1279","2","礼品定制","礼品箱包,礼品,礼品定制"
"1280775","1280","2","鞋靴","礼品箱包,奢侈品,鞋靴"
"1282789","1282","2","婚宴","礼品箱包,婚庆,婚宴"
"1283793","1283","2","卡通花束","礼品箱包,鲜花速递,卡通花束"
"1385","13","1","地方特产","食品饮料、保健食品,地方特产"
"1385808","1385","2","新疆","食品饮料、保健食品,地方特产,新疆"
"1386822","1386","2","糖果/巧克力","食品饮料、保健食品,休闲食品,糖果/巧克力"
"1390846","1390","2","绿茶","食品饮料、保健食品,茗茶,绿茶"
"1390847","1390","2","红茶","食品饮料、保健食品,茗茶,红茶"
"1390849","1390","2","花草茶","食品饮料、保健食品,茗茶,花草茶"
"1390855","1390","2","茉莉花茶","食品饮料、保健食品,茗茶,茉莉花茶"
"1491859","1491","2","耳饰","珠宝,时尚饰品,耳饰"
"1494879","1494","2","K金项链","珠宝,K金饰品,K金项链"
"1498898","1498","2","翡翠手镯","珠宝,翡翠,翡翠手镯"
"15107951","15107","2","变速箱油/滤","汽车用品,维修保养,变速箱油/滤"
"15107959","15107","2","防冻液","汽车用品,维修保养,防冻液"
"15107969","15107","2","火花塞","汽车用品,维修保养,火花塞"
"151081000","15108","2","后视镜导航","汽车用品,车载电器,后视镜导航"
"151081009","15108","2","车载电台","汽车用品,车载电器,车载电台"
"151081016","15108","2","电动尾门","汽车用品,车载电器,电动尾门"
"151081019","15108","2","无钥匙进入","汽车用品,车载电器,无钥匙进入"
"151081022","15108","2","执法记录仪","汽车用品,车载电器,执法记录仪"
"151101069","15110","2","防踢垫","汽车用品,汽车装饰,防踢垫"
"151111122","15111","2","其它摩托车装备","汽车用品,安全自驾,其它摩托车装备"
"161231262","16123","2","髌骨带","运动健康,运动护具,髌骨带"
"161241269","16124","2","舞蹈扇","运动健康,瑜伽舞蹈,舞蹈扇"
"161241271","16124","2","瑜伽服内衣","运动健康,瑜伽舞蹈,瑜伽服内衣"
"161291382","16129","2","户外照明","运动健康,户外装备,户外照明"
"161291383","16129","2","烧烤用具","运动健康,户外装备,烧烤用具"
"161311444","16131","2","推杆练习器","运动健康,体育用品,推杆练习器"
"161311451","16131","2","台球","运动健康,体育用品,台球"
"161311452","16131","2","台球皮头/杆头","运动健康,体育用品,台球皮头/杆头"
"161311469","16131","2","跨栏架","运动健康,体育用品,跨栏架"
"161311485","16131","2","乒乓底板","运动健康,体育用品,乒乓底板"
"161311525","16131","2","其他网球装备","运动健康,体育用品,其他网球装备"
"171321552","17132","2","轨道/助力","玩具乐器,遥控/电动玩具,轨道/助力"
"171401599","17140","2","白模填色/彩绘","玩具乐器,绘画/DIY,白模填色/彩绘"
"17144","17","1","民族吹奏乐器","玩具乐器,民族吹奏乐器"
"171461635","17146","2","月琴","玩具乐器,民族弹拨乐器,月琴"
"171471643","17147","2","其它民族拉弦乐器","玩具乐器,民族拉弦乐器,其它民族拉弦乐器"
"17148","17","1","西洋打击乐器","玩具乐器,西洋打击乐器"
"171501667","17150","2","中提琴","玩具乐器,西洋弦乐器,中提琴"
"171511678","17151","2","其它键盘乐器","玩具乐器,键盘乐器,其它键盘乐器"
"171551695","17155","2","螺母拆装玩具","玩具乐器,拆装/敲打玩具,螺母拆装玩具"
"171561699","17156","2","数字形状盒/多孔认知","玩具乐器,串珠/配对玩具,数字形状盒/多孔认知"
"171591709","17159","2","过家家玩具","玩具乐器,仿真/过家家玩具,过家家玩具"
"171651739","17165","2","玩沙玩具","玩具乐器,戏水玩沙玩具,玩沙玩具"
"171651740","17165","2","洗澡沐浴玩具","玩具乐器,戏水玩沙玩具,洗澡沐浴玩具"
"181731766","18173","2","游戏点卡","彩票、旅行、充值、票务,游戏,游戏点卡"
"191751801","19175","2","枣","生鲜,水果,枣"
"191791826","19179","2","汤圆/元宵","生鲜,面点烘焙,汤圆/元宵"
"0418","04","2","少儿","图书、音像、电子书刊,少儿,少儿"
"11467","114","2","移动电源","手机,手机配件,移动电源"
"11468","114","2","蓝牙耳机","手机,手机配件,蓝牙耳机"
"11691","116","2","手机故障","手机,手机服务,手机故障"
"219129","219","2","电烧烤炉","家用电器,厨房小电,电烧烤炉"
"221167","221","2","卷/直发器","家用电器,个护健康,卷/直发器"
"221170","221","2","足浴盆","家用电器,个护健康,足浴盆"
"222192","222","2","电动餐车","家用电器,商用电器,电动餐车"
"224223","224","2","电视配件","家用电器,家电配件,电视配件"
"328264","328","2","运动跟踪器","数码,智能设备,运动跟踪器"
"328270","328","2","智能机器人","数码,智能设备,智能机器人"
"329","3","1","影音娱乐","数码,影音娱乐"
"330279","330","2","学生平板","数码,电子教育,学生平板"
"330286","330","2","翻译机","数码,电子教育,翻译机"
"434303","434","2","净化除味","家居家装,生活日用,净化除味"
"537328","537","2","服务器/工作站","电脑办公,电脑整机,服务器/工作站"
"539350","539","2","键盘","电脑办公,外设产品,键盘"
"546","5","1","电脑办公维修","电脑办公,电脑办公维修"
"546405","546","2","笔记本维修","电脑办公,电脑办公维修,笔记本维修"
"648412","648","2","炒锅","厨具,烹饪锅具,炒锅"
"655471","655","2","咖啡滤纸","厨具,咖啡具,咖啡滤纸"
"756474","756","2","男士卸妆","个护化妆,男士面部护肤,男士卸妆"
"756484","756","2","其它男士面部护肤","个护化妆,男士面部护肤,其它男士面部护肤"
"757486","757","2","化妆棉","个护化妆,美妆工具,化妆棉"
"757492","757","2","修眉刀","个护化妆,美妆工具,修眉刀"
"758","7","1","面部护肤","个护化妆,面部护肤"
"758497","758","2","乳液/面霜","个护化妆,面部护肤,乳液/面霜"
"758498","758","2","面膜","个护化妆,面部护肤,面膜"
"860547","860","2","棉服","服饰内衣,女装,棉服"
"864616","864","2","光学镜架/镜片","服饰内衣,服饰配件,光学镜架/镜片"
"864620","864","2","毛线帽","服饰内衣,服饰配件,毛线帽"
"968","9","1","钟表服务","钟表,钟表服务"
"1070","10","1","时尚女鞋","鞋靴,时尚女鞋"
"1070668","1070","2","单鞋","鞋靴,时尚女鞋,单鞋"
"1070670","1070","2","凉鞋","鞋靴,时尚女鞋,凉鞋"
"1070676","1070","2","雨鞋/雨靴","鞋靴,时尚女鞋,雨鞋/雨靴"
"1070679","1070","2","特色鞋","鞋靴,时尚女鞋,特色鞋"
"1070681","1070","2","布鞋/绣花鞋","鞋靴,时尚女鞋,布鞋/绣花鞋"
"1171688","1171","2","孕妈奶粉","母婴,奶粉,孕妈奶粉"
"1175728","1175","2","T恤","母婴,童装,T恤"
"1282788","1282","2","婚庆礼品/用品","礼品箱包,婚庆,婚庆礼品/用品"
"1388839","1388","2","成人奶粉","食品饮料、保健食品,饮料冲调,成人奶粉"
"1390845","1390","2","龙井","食品饮料、保健食品,茗茶,龙井"
"1491858","1491","2","戒指","珠宝,时尚饰品,戒指"
"1492865","1492","2","发带","珠宝,发饰,发带"
"1499906","1499","2","头饰/胸针","珠宝,水晶玛瑙,头饰/胸针"
"15107960","15107","2","刹车油管","汽车用品,维修保养,刹车油管"
"15107982","15107","2","其它汽修工具","汽车用品,维修保养,其它汽修工具"
"151081007","15108","2","电源","汽车用品,车载电器,电源"
"151101092","15110","2","密封条","汽车用品,汽车装饰,密封条"
"151101100","15110","2","无线充支架","汽车用品,汽车装饰,无线充支架"
"151111128","15111","2","摩托车骑行鞋","汽车用品,安全自驾,摩托车骑行鞋"
"151111132","15111","2","摩托车喇叭","汽车用品,安全自驾,摩托车喇叭"
"151131156","15113","2","性能改装","汽车用品,赛事改装,性能改装"
"161181211","16118","2","电动车","运动健康,骑行运动,电动车"
"161181216","16118","2","平衡车","运动健康,骑行运动,平衡车"
"16123","16","1","运动护具","运动健康,运动护具"
"161241298","16124","2","瑜伽拉力带","运动健康,瑜伽舞蹈,瑜伽拉力带"
"161251315","16125","2","马鞍","运动健康,马术/民俗运动,马鞍"
"161281358","16128","2","羽绒服/棉服","运动健康,户外鞋服,羽绒服/棉服"
"161291377","16129","2","飞机游艇","运动健康,户外装备,飞机游艇"
"161291392","16129","2","极限户外","运动健康,户外装备,极限户外"
"161301408","16130","2","踏步机","运动健康,健身训练,踏步机"
"161311423","16131","2","穿线机","运动健康,体育用品,穿线机"
"161311450","16131","2","台球杆","运动健康,体育用品,台球杆"
"161311462","16131","2","台球杆保养工具","运动健康,体育用品,台球杆保养工具"
"161311476","16131","2","其他体育用品","运动健康,体育用品,其他体育用品"
"161311486","16131","2","乒乓球","运动健康,体育用品,乒乓球"
"161311493","16131","2","乒乓球拍套/包","运动健康,体育用品,乒乓球拍套/包"
"161311517","16131","2","羽毛球网架","运动健康,体育用品,羽毛球网架"
"161311540","16131","2","篮球","运动健康,体育用品,篮球"
"171341560","17134","2","卡通娃娃","玩具乐器,娃娃玩具,卡通娃娃"
"171371576","17137","2","高达/变形模型","玩具乐器,潮玩/动漫,高达/变形模型"
"171421603","17142","2","工艺礼品乐器","玩具乐器,其它乐器,工艺礼品乐器"
"171431608","17143","2","乐器箱包","玩具乐器,乐器配件,乐器箱包"
"171451621","17145","2","堂鼓","玩具乐器,民族打击乐器,堂鼓"
"171471638","17147","2","二胡","玩具乐器,民族拉弦乐器,二胡"
"17150","17","1","西洋弦乐器","玩具乐器,西洋弦乐器"
"171531686","17153","2","力学玩具","玩具乐器,STEAM教玩具,力学玩具"
"171561701","17156","2","插珠/蘑菇插钉","玩具乐器,串珠/配对玩具,插珠/蘑菇插钉"
"17159","17","1","仿真/过家家玩具","玩具乐器,仿真/过家家玩具"
"17166","17","1","魔方解锁/迷宫","玩具乐器,魔方解锁/迷宫"
"181681748","18168","2","大乐透","彩票、旅行、充值、票务,彩票,大乐透"
"181681753","18168","2","七乐彩","彩票、旅行、充值、票务,彩票,七乐彩"
"18171","18","1","旅行","彩票、旅行、充值、票务,旅行"
"181711763","18171","2","火车票","彩票、旅行、充值、票务,旅行,火车票"
"181741772","18174","2","体育赛事","彩票、旅行、充值、票务,票务,体育赛事"
"19",,"0","生鲜",
"191751797","19175","2","椰青","生鲜,水果,椰青"
"191771818","19177","2","藻类","生鲜,海鲜水产,藻类"
"191821845","19182","2","半加工蔬菜","生鲜,蔬菜,半加工蔬菜"
"201841861","20184","2","MPV（二手）","整车,二手车,MPV（二手）"
"001","00","2","网络原创","图书、音像、电子书刊,电子书刊,网络原创"
"0317","03","2","艺术","图书、音像、电子书刊,文艺,艺术"
"11362","113","2","选号中心","手机,运营商,选号中心"
"11480","114","2","拍照配件","手机,手机配件,拍照配件"
"11692","116","2","保障服务","手机,手机服务,保障服务"
"219116","219","2","电饭煲","家用电器,厨房小电,电饭煲"
"219123","219","2","面包机","家用电器,厨房小电,面包机"
"219135","219","2","果蔬解毒机","家用电器,厨房小电,果蔬解毒机"
"220159","220","2","新风系统","家用电器,生活电器,新风系统"
"221172","221","2","电子秤","家用电器,个护健康,电子秤"
"221174","221","2","足疗机","家用电器,个护健康,足疗机"
"222188","222","2","章鱼丸机","家用电器,商用电器,章鱼丸机"
"222195","222","2","保鲜工作台","家用电器,商用电器,保鲜工作台"
"222202","222","2","商用吸尘器","家用电器,商用电器,商用吸尘器"
"222206","222","2","刨冰/沙冰机","家用电器,商用电器,刨冰/沙冰机"
"222213","222","2","商用电器配件","家用电器,商用电器,商用电器配件"
"225","2","1","视听影音","家用电器,视听影音"
"327257","327","2","机身附件","数码,数码配件,机身附件"
"433292","433","2","防尘罩","家居家装,收纳用品,防尘罩"
"435313","435","2","香薰蜡烛","家居家装,家装软饰,香薰蜡烛"
"436319","436","2","家居日用","家居家装,宠物生活,家居日用"
"538339","538","2","显示器","电脑办公,电脑组件,显示器"
"538341","538","2","散热器","电脑办公,电脑组件,散热器"
"651445","651","2","水具/酒具配件","厨具,水具酒具,水具/酒具配件"
"756483","756","2","男士润唇膏","个护化妆,男士面部护肤,男士润唇膏"
"758496","758","2","洁面","个护化妆,面部护肤,洁面"
"758503","758","2","防晒","个护化妆,面部护肤,防晒"
"860554","860","2","加绒裤","服饰内衣,女装,加绒裤"
"862605","862","2","情侣睡衣","服饰内衣,内衣,情侣睡衣"
"864624","864","2","防辐射眼镜","服饰内衣,服饰配件,防辐射眼镜"
"864626","864","2","女士丝巾/围巾/披肩","服饰内衣,服饰配件,女士丝巾/围巾/披肩"
"965647","965","2","智能手表","钟表,腕表,智能手表"
"1173697","1173","2","学步车","母婴,童车童床,学步车"
"1178753","1178","2","婴儿游泳服务","母婴,亲子乐园,婴儿游泳服务"
"1384804","1384","2","咖啡","食品饮料、保健食品,进口食品,咖啡"
"1385810","1385","2","山西","食品饮料、保健食品,地方特产,山西"
"1387828","1387","2","食用油","食品饮料、保健食品,粮油调味,食用油"
"1390848","1390","2","乌龙茶","食品饮料、保健食品,茗茶,乌龙茶"
"1492870","1492","2","发夹","珠宝,发饰,发夹"
"1494880","1494","2","K金手镯/手链/脚链","珠宝,K金饰品,K金手镯/手链/脚链"
"1494881","1494","2","K金戒指","珠宝,K金饰品,K金戒指"
"1497896","1497","2","钻石手镯/手链","珠宝,钻石,钻石手镯/手链"
"1498897","1498","2","翡翠吊坠","珠宝,翡翠,翡翠吊坠"
"14104935","14104","2","金丝楠","珠宝,木手串/把件,金丝楠"
"14105940","14105","2","珍珠项链","珠宝,珍珠,珍珠项链"
"14105944","14105","2","珍珠戒指","珠宝,珍珠,珍珠戒指"
"14105945","14105","2","珍珠胸针","珠宝,珍珠,珍珠胸针"
"15107985","15107","2","其它辅助油","汽车用品,维修保养,其它辅助油"
"151081010","15108","2","车载电器配件","汽车用品,车载电器,车载电器配件"
"151101049","15110","2","汽车除雪铲","汽车用品,汽车装饰,汽车除雪铲"
"151101065","15110","2","隔音隔热棉","汽车用品,汽车装饰,隔音隔热棉"
"151101084","15110","2","导航/中控膜","汽车用品,汽车装饰,导航/中控膜"
"151111126","15111","2","摩托车骑行服","汽车用品,安全自驾,摩托车骑行服"
"151111133","15111","2","摩托车音响","汽车用品,安全自驾,摩托车音响"
"15112","15","1","汽车服务","汽车用品,汽车服务"
"161161193","16116","2","其他棋牌麻将","运动健康,棋牌麻将,其他棋牌麻将"
"161181219","16118","2","老年代步车","运动健康,骑行运动,老年代步车"
"161191229","16119","2","渔具包","运动健康,垂钓用品,渔具包"
"161221249","16122","2","其他武术装备","运动健康,武术搏击,其他武术装备"
"161231252","16123","2","运动护腰","运动健康,运动护具,运动护腰"
"161241305","16124","2","普拉提器械","运动健康,瑜伽舞蹈,普拉提器械"
"161251321","16125","2","拔河绳","运动健康,马术/民俗运动,拔河绳"
"16126","16","1","冰上运动","运动健康,冰上运动"
"161261329","16126","2","速滑刀片","运动健康,冰上运动,速滑刀片"
"161261333","16126","2","花样滑冰袜","运动健康,冰上运动,花样滑冰袜"
"161281363","16128","2","户外风衣","运动健康,户外鞋服,户外风衣"
"161281365","16128","2","军迷服饰","运动健康,户外鞋服,军迷服饰"
"161291380","16129","2","户外配饰","运动健康,户外装备,户外配饰"
"161291381","16129","2","背包","运动健康,户外装备,背包"
"161301421","16130","2","仰卧板","运动健康,健身训练,仰卧板"
"161311431","16131","2","高尔夫铁木杆","运动健康,体育用品,高尔夫铁木杆"
"161311456","16131","2","台球三角架","运动健康,体育用品,台球三角架"
"161311503","16131","2","足球网","运动健康,体育用品,足球网"
"161311509","16131","2","足球袜","运动健康,体育用品,足球袜"
"161311531","16131","2","网球捡球器","运动健康,体育用品,网球捡球器"
"161311539","16131","2","乒乓球拍","运动健康,体育用品,乒乓球拍"
"161311544","16131","2","高尔夫球杆套杆","运动健康,体育用品,高尔夫球杆套杆"
"171351569","17135","2","军舰/航母","玩具乐器,静态模型,军舰/航母"
"171381581","17138","2","早教启智","玩具乐器,早教/智能玩具,早教启智"
"171431607","17143","2","调音器/节拍器","玩具乐器,乐器配件,调音器/节拍器"
"171441613","17144","2","葫芦丝","玩具乐器,民族吹奏乐器,葫芦丝"
"171441615","17144","2","埙","玩具乐器,民族吹奏乐器,埙"
"171461627","17146","2","古琴","玩具乐器,民族弹拨乐器,古琴"
"171471642","17147","2","中胡","玩具乐器,民族拉弦乐器,中胡"
"17153","17","1","STEAM教玩具","玩具乐器,STEAM教玩具"
"171571702","17157","2","塑料充气造型玩具","玩具乐器,发光/充气玩具,塑料充气造型玩具"
"171651737","17165","2","充气/支架戏水池","玩具乐器,戏水玩沙玩具,充气/支架戏水池"
"181681752","18168","2","七星彩","彩票、旅行、充值、票务,彩票,七星彩"
"181711762","18171","2","租车","彩票、旅行、充值、票务,旅行,租车"
"191751775","19175","2","苹果","生鲜,水果,苹果"
"191751793","19175","2","瓜","生鲜,水果,瓜"
"191771809","19177","2","鱼类","生鲜,海鲜水产,鱼类"
"191771810","19177","2","虾类","生鲜,海鲜水产,虾类"
"19180","19","1","乳品冷饮","生鲜,乳品冷饮"
"201841859","20184","2","中大型轿车（二手）","整车,二手车,中大型轿车（二手）"
"011","0","1","其他","图书、音像、电子书刊,其他"
"11688","116","2","屏幕换新","手机,手机服务,屏幕换新"
"217102","217","2","烘干机","家用电器,大 家 电,烘干机"
"218108","218","2","洗碗机","家用电器,厨卫大电,洗碗机"
"221168","221","2","按摩椅","家用电器,个护健康,按摩椅"
"222185","222","2","肠粉机","家用电器,商用电器,肠粉机"
"222208","222","2","商用消毒柜","家用电器,商用电器,商用消毒柜"
"224","2","1","家电配件","家用电器,家电配件"
"225235","225","2","功放","家用电器,视听影音,功放"
"330","3","1","电子教育","数码,电子教育"
"435308","435","2","装饰摆件","家居家装,家装软饰,装饰摆件"
"537324","537","2","游戏本","电脑办公,电脑整机,游戏本"
"538335","538","2","SSD固态硬盘","电脑办公,电脑组件,SSD固态硬盘"
"542376","542","2","打印机","电脑办公,办公设备,打印机"
"542377","542","2","传真设备","电脑办公,办公设备,传真设备"
"544401","544","2","电脑软件","电脑办公,服务产品,电脑软件"
"648414","648","2","高压锅","厨具,烹饪锅具,高压锅"
"649426","649","2","瓜果刀/刨","厨具,刀剪菜板,瓜果刀/刨"
"653","6","1","酒店用品","厨具,酒店用品"
"757493","757","2","美甲工具","个护化妆,美妆工具,美甲工具"
"758500","758","2","面部精华","个护化妆,面部护肤,面部精华"
"860559","860","2","礼服","服饰内衣,女装,礼服"
"864617","864","2","围巾/手套/帽子套装","服饰内衣,服饰配件,围巾/手套/帽子套装"
"864634","864","2","非皮质腰带","服饰内衣,服饰配件,非皮质腰带"
"965643","965","2","国表","钟表,腕表,国表"
"967651","967","2","钟表配件","钟表,钟表配件,钟表配件"
"1069654","1069","2","正装鞋","鞋靴,流行男鞋,正装鞋"
"1175717","1175","2","袜子","母婴,童装,袜子"
"1176","11","1","安全座椅","母婴,安全座椅"
"1177752","1177","2","运动鞋","母婴,童鞋,运动鞋"
"1279754","1279","2","礼品文具","礼品箱包,礼品,礼品文具"
"1279755","1279","2","军刀军具","礼品箱包,礼品,军刀军具"
"1279768","1279","2","宗教用品","礼品箱包,礼品,宗教用品"
"1385814","1385","2","四川","食品饮料、保健食品,地方特产,四川"
"1387830","1387","2","南北干货","食品饮料、保健食品,粮油调味,南北干货"
"1388","13","1","饮料冲调","食品饮料、保健食品,饮料冲调"
"1390852","1390","2","黑茶","食品饮料、保健食品,茗茶,黑茶"
"1492","14","1","发饰","珠宝,发饰"
"1493873","1493","2","黄金手链/脚链","珠宝,黄金,黄金手链/脚链"
"1493875","1493","2","黄金手镯","珠宝,黄金,黄金手镯"
"1493876","1493","2","黄金耳饰","珠宝,黄金,黄金耳饰"
"14102925","14102","2","铂金戒指","珠宝,铂金,铂金戒指"
"14104934","14104","2","沉香木","珠宝,木手串/把件,沉香木"
"15",,"0","汽车用品",
"15107964","15107","2","空气滤清器","汽车用品,维修保养,空气滤清器"
"15107992","15107","2","千斤顶","汽车用品,维修保养,千斤顶"
"15108998","15108","2","车载充电器","汽车用品,车载电器,车载充电器"
"151101061","15110","2","保险杠","汽车用品,汽车装饰,保险杠"
"151111115","15111","2","应急救援","汽车用品,安全自驾,应急救援"
"151111129","15111","2","骑士包","汽车用品,安全自驾,骑士包"
"151131154","15113","2","改装周边","汽车用品,赛事改装,改装周边"
"161141157","16114","2","跑步鞋","运动健康,运动鞋包,跑步鞋"
"161151174","16115","2","健身服","运动健康,运动服饰,健身服"
"161161179","16116","2","围棋","运动健康,棋牌麻将,围棋"
"161161182","16116","2","将棋","运动健康,棋牌麻将,将棋"
"161161194","16116","2","狼人杀","运动健康,棋牌麻将,狼人杀"
"161231255","16123","2","护腕","运动健康,运动护具,护腕"
"161231257","16123","2","运动护腿","运动健康,运动护具,运动护腿"
"161241301","16124","2","瑜伽圈","运动健康,瑜伽舞蹈,瑜伽圈"
"161251312","16125","2","马术护腿","运动健康,马术/民俗运动,马术护腿"
"161281362","16128","2","T恤","运动健康,户外鞋服,T恤"
"161281366","16128","2","登山鞋","运动健康,户外鞋服,登山鞋"
"161291393","16129","2","冲浪潜水","运动健康,户外装备,冲浪潜水"
"161301405","16130","2","单双杠/引体向上","运动健康,健身训练,单双杠/引体向上"
"161301407","16130","2","甩脂机","运动健康,健身训练,甩脂机"
"161311428","16131","2","高尔夫7号铁","运动健康,体育用品,高尔夫7号铁"
"161311502","16131","2","守门员手套","运动健康,体育用品,守门员手套"
"161311532","16131","2","网球训练器","运动健康,体育用品,网球训练器"
"161311535","16131","2","篮球袜","运动健康,体育用品,篮球袜"
"171321549","17132","2","遥控飞机","玩具乐器,遥控/电动玩具,遥控飞机"
"171341561","17134","2","娃娃玩具配件","玩具乐器,娃娃玩具,娃娃玩具配件"
"171351566","17135","2","飞机模型","玩具乐器,静态模型,飞机模型"
"17138","17","1","早教/智能玩具","玩具乐器,早教/智能玩具"
"171441612","17144","2","笛子","玩具乐器,民族吹奏乐器,笛子"
"171461636","17146","2","其它民族弹拨乐器","玩具乐器,民族弹拨乐器,其它民族弹拨乐器"
"171671745","17167","2","儿童玩具电话","玩具乐器,音乐玩具,儿童玩具电话"
"181681747","18168","2","双色球","彩票、旅行、充值、票务,彩票,双色球"
"181731767","18173","2","QQ充值","彩票、旅行、充值、票务,游戏,QQ充值"
"191821841","19182","2","茄果瓜类","生鲜,蔬菜,茄果瓜类"
"20184","20","1","二手车","整车,二手车"
"014","01","2","音乐","图书、音像、电子书刊,音像,音乐"
"0315","03","2","青春文学","图书、音像、电子书刊,文艺,青春文学"
"0316","03","2","传记","图书、音像、电子书刊,文艺,传记"
"0635","06","2","励志与成功","图书、音像、电子书刊,经管励志,励志与成功"
"11586","115","2","公网对讲机","手机,对讲机,公网对讲机"
"218105","218","2","消毒柜","家用电器,厨卫大电,消毒柜"
"218109","218","2","电热水器","家用电器,厨卫大电,电热水器"
"220153","220","2","冷风扇","家用电器,生活电器,冷风扇"
"222184","222","2","商用电饼铛","家用电器,商用电器,商用电饼铛"
"222187","222","2","棉花糖机","家用电器,商用电器,棉花糖机"
"225233","225","2","家庭影院","家用电器,视听影音,家庭影院"
"327260","327","2","数码支架","数码,数码配件,数码支架"
"330285","330","2","复读机","数码,电子教育,复读机"
"434301","434","2","缝纫机","家居家装,生活日用,缝纫机"
"435309","435","2","帘艺隔断","家居家装,家装软饰,帘艺隔断"
"5",,"0","电脑办公",
"537327","537","2","台式机","电脑办公,电脑整机,台式机"
"539349","539","2","鼠标","电脑办公,外设产品,鼠标"
"540","5","1","游戏设备","电脑办公,游戏设备"
"541371","541","2","5G/4G上网","电脑办公,网络产品,5G/4G上网"
"542381","542","2","碎纸机","电脑办公,办公设备,碎纸机"
"542386","542","2","装订/封装机","电脑办公,办公设备,装订/封装机"
"544399","544","2","延保服务","电脑办公,服务产品,延保服务"
"651442","651","2","酒杯/酒具","厨具,水具酒具,酒杯/酒具"
"759513","759","2","眼影","个护化妆,香水彩妆,眼影"
"759519","759","2","气垫BB/BB霜","个护化妆,香水彩妆,气垫BB/BB霜"
"759522","759","2","蜜粉/散粉","个护化妆,香水彩妆,蜜粉/散粉"
"759526","759","2","其它彩妆","个护化妆,香水彩妆,其它彩妆"
"862607","862","2","少女文胸","服饰内衣,内衣,少女文胸"
"862611","862","2","打底裤袜","服饰内衣,内衣,打底裤袜"
"1069","10","1","流行男鞋","鞋靴,流行男鞋"
"1069660","1069","2","雨鞋/雨靴","鞋靴,流行男鞋,雨鞋/雨靴"
"1070669","1070","2","休闲鞋","鞋靴,时尚女鞋,休闲鞋"
"1070675","1070","2","帆布鞋","鞋靴,时尚女鞋,帆布鞋"
"1172691","1172","2","婴儿湿巾","母婴,尿裤湿巾,婴儿湿巾"
"1279766","1279","2","京东福气卡","礼品箱包,礼品,京东福气卡"
"1280769","1280","2","箱包","礼品箱包,奢侈品,箱包"
"1281","12","1","火机烟具","礼品箱包,火机烟具"
"1283","12","1","鲜花速递","礼品箱包,鲜花速递"
"1283790","1283","2","鲜花","礼品箱包,鲜花速递,鲜花"
"1384796","1384","2","饼干蛋糕","食品饮料、保健食品,进口食品,饼干蛋糕"
"1384803","1384","2","饮料","食品饮料、保健食品,进口食品,饮料"
"1387826","1387","2","烘焙原料","食品饮料、保健食品,粮油调味,烘焙原料"
"1388838","1388","2","蜂蜜/柚子茶","食品饮料、保健食品,饮料冲调,蜂蜜/柚子茶"
"1390","13","1","茗茶","食品饮料、保健食品,茗茶"
"1491856","1491","2","项链","珠宝,时尚饰品,项链"
"1491862","1491","2","饰品配件","珠宝,时尚饰品,饰品配件"
"1492869","1492","2","其他","珠宝,发饰,其他"
"1498901","1498","2","挂件/摆件/把件","珠宝,翡翠,挂件/摆件/把件"
"15107975","15107","2","后视镜","汽车用品,维修保养,后视镜"
"15107976","15107","2","轮胎","汽车用品,维修保养,轮胎"
"151091032","15109","2","清洁剂","汽车用品,美容清洗,清洁剂"
"151091034","15109","2","镀晶","汽车用品,美容清洗,镀晶"
"151101055","15110","2","踏板","汽车用品,汽车装饰,踏板"
"151101064","15110","2","汽车防滑垫","汽车用品,汽车装饰,汽车防滑垫"
"151101068","15110","2","临时停车牌","汽车用品,汽车装饰,临时停车牌"
"151101075","15110","2","方向盘套","汽车用品,汽车装饰,方向盘套"
"151101090","15110","2","方向盘助力球","汽车用品,汽车装饰,方向盘助力球"
"151101091","15110","2","车牌架/牌照托","汽车用品,汽车装饰,车牌架/牌照托"
"151111101","15111","2","胎压计","汽车用品,安全自驾,胎压计"
"151111117","15111","2","地锁","汽车用品,安全自驾,地锁"
"161161186","16116","2","字牌","运动健康,棋牌麻将,字牌"
"161181218","16118","2","电动车装备","运动健康,骑行运动,电动车装备"
"161191221","16119","2","钓竿","运动健康,垂钓用品,钓竿"
"161211241","16121","2","团体培训","运动健康,体育服务,团体培训"
"161231261","16123","2","健身手套","运动健康,运动护具,健身手套"
"161241279","16124","2","拉丁舞服","运动健康,瑜伽舞蹈,拉丁舞服"
"161241288","16124","2","肚皮舞鞋","运动健康,瑜伽舞蹈,肚皮舞鞋"
"161241291","16124","2","体操垫","运动健康,瑜伽舞蹈,体操垫"
"161241297","16124","2","瑜伽鞋","运动健康,瑜伽舞蹈,瑜伽鞋"
"16127","16","1","滑雪运动","运动健康,滑雪运动"
"161271351","16127","2","面罩/头套","运动健康,滑雪运动,面罩/头套"
"161311427","16131","2","更多高尔夫球杆","运动健康,体育用品,更多高尔夫球杆"
"161311464","16131","2","其他台球配件","运动健康,体育用品,其他台球配件"
"161311467","16131","2","跳箱/跳马","运动健康,体育用品,跳箱/跳马"
"161311492","16131","2","乒乓球服","运动健康,体育用品,乒乓球服"
"161311541","16131","2","足球","运动健康,体育用品,足球"
"161311542","16131","2","网球拍","运动健康,体育用品,网球拍"
"17134","17","1","娃娃玩具","玩具乐器,娃娃玩具"
"171371574","17137","2","网游周边","玩具乐器,潮玩/动漫,网游周边"
"171381588","17138","2","积木桌","玩具乐器,早教/智能玩具,积木桌"
"171451622","17145","2","快板","玩具乐器,民族打击乐器,快板"
"171481646","17148","2","静音鼓","玩具乐器,西洋打击乐器,静音鼓"
"17154","17","1","响铃/安抚玩具","玩具乐器,响铃/安抚玩具"
"171561698","17156","2","儿童串珠/绕珠","玩具乐器,串珠/配对玩具,儿童串珠/绕珠"
"171621717","17162","2","软弹枪","玩具乐器,儿童玩具枪,软弹枪"
"17165","17","1","戏水玩沙玩具","玩具乐器,戏水玩沙玩具"
"171661741","17166","2","智力解题/通关玩具","玩具乐器,魔方解锁/迷宫,智力解题/通关玩具"
"171661743","17166","2","解锁/解环玩具","玩具乐器,魔方解锁/迷宫,解锁/解环玩具"
"18169","18","1","机票","彩票、旅行、充值、票务,机票"
"191751776","19175","2","橙子","生鲜,水果,橙子"
"191801833","19180","2","冷藏饮料","生鲜,乳品冷饮,冷藏饮料"
